,Energy_Fund_Value
2018-02-20,5416.900043487549
2018-02-21,5329.499855041504
2018-02-22,5432.100028991699
2018-02-23,5511.900043487549
2018-02-24,5459.650115966797
2018-02-25,5459.650115966797
2018-02-26,5459.650115966797
2018-02-27,5415.0
2018-02-28,5351.350173950195
2018-03-01,5368.449840545654
2018-03-02,5422.600173950195
2018-03-03,5406.44998550415
2018-03-04,5406.44998550415
2018-03-05,5406.44998550415
2018-03-06,5416.900043487549
2018-03-07,5387.449913024902
2018-03-08,5376.999855041504
2018-03-09,5444.4501304626465
2018-03-10,5471.05001449585
2018-03-11,5471.05001449585
2018-03-12,5471.05001449585
2018-03-13,5487.199840545654
2018-03-14,5430.19998550415
2018-03-15,5380.799942016602
2018-03-16,5491.9501304626465
2018-03-17,5364.650115966797
2018-03-18,5364.650115966797
2018-03-19,5364.650115966797
2018-03-20,5475.799942016602
2018-03-21,5553.699913024902
2018-03-22,5446.350173950195
2018-03-23,5391.25
2018-03-24,5416.900043487549
2018-03-25,5416.900043487549
2018-03-26,5416.900043487549
2018-03-27,5411.199913024902
2018-03-28,5284.850101470947
2018-03-29,5407.399826049805
2018-03-30,5333.299942016602
2018-03-31,5333.299942016602
2018-04-01,5333.299942016602
2018-04-02,5333.299942016602
2018-04-03,5376.999855041504
2018-04-04,5369.400043487549
2018-04-05,5456.7998695373535
2018-04-06,5385.5498695373535
2018-04-07,5391.25
2018-04-08,5391.25
2018-04-09,5391.25
2018-04-10,5539.4501304626465
2018-04-11,5568.899898529053
2018-04-12,5540.399971008301
2018-04-13,5558.449840545654
2018-04-14,5676.25
2018-04-15,5676.25
2018-04-16,5676.25
2018-04-17,5668.649826049805
2018-04-18,5683.850173950195
2018-04-19,5675.300159454346
2018-04-20,5656.300086975098
2018-04-21,5696.199913024902
2018-04-22,5696.199913024902
2018-04-23,5696.199913024902
2018-04-24,5642.049942016602
2018-04-25,5661.999855041504
2018-04-26,5712.350101470947
2018-04-27,5688.600101470947
2018-04-28,5720.900115966797
2018-04-29,5720.900115966797
2018-04-30,5720.900115966797
2018-05-01,5746.550159454346
2018-05-02,5944.149971008301
2018-05-03,5969.80001449585
2018-05-04,6027.750072479248
2018-05-05,6086.649971008301
2018-05-06,6086.649971008301
2018-05-07,6086.649971008301
2018-05-08,6074.2998695373535
2018-05-09,6147.449913024902
2018-05-10,6203.500289916992
2018-05-11,6252.899971008301
2018-05-12,6326.049652099609
2018-05-13,6326.049652099609
2018-05-14,6326.049652099609
2018-05-15,6333.649826049805
2018-05-16,6331.750144958496
2018-05-17,6319.399681091309
2018-05-18,6295.649681091309
2018-05-19,6316.5497970581055
2018-05-20,6316.5497970581055
2018-05-21,6316.5497970581055
2018-05-22,6275.699768066406
2018-05-23,6339.350318908691
2018-05-24,6306.099739074707
2018-05-25,6259.549942016602
2018-05-26,6298.500289916992
2018-05-27,6298.500289916992
2018-05-28,6298.500289916992
2018-05-29,6298.500289916992
2018-05-30,6481.850318908691
2018-05-31,6475.200347900391
2018-06-01,6508.4502029418945
2018-06-02,6488.500289916992
2018-06-03,6488.500289916992
2018-06-04,6488.500289916992
2018-06-05,6514.149971008301
2018-06-06,6427.700347900391
2018-06-07,6512.250289916992
2018-06-08,6502.749710083008
2018-06-09,6556.899681091309
2018-06-10,6556.899681091309
2018-06-11,6556.899681091309
2018-06-12,6577.7997970581055
2018-06-13,6542.650260925293
2018-06-14,6587.299652099609
2018-06-15,6439.099884033203
2018-06-16,6509.399681091309
2018-06-17,6509.399681091309
2018-06-18,6509.399681091309
2018-06-19,6535.050086975098
2018-06-20,6656.649971008301
2018-06-21,6534.099884033203
2018-06-22,6649.0497970581055
2018-06-23,6526.499710083008
2018-06-24,6526.499710083008
2018-06-25,6526.499710083008
2018-06-26,6623.400115966797
2018-06-27,6626.25
2018-06-28,6643.350028991699
2018-06-29,6633.850173950195
2018-06-30,6550.249710083008
2018-07-01,6550.249710083008
2018-07-02,6550.249710083008
2018-07-03,6586.350173950195
2018-07-04,6671.850318908691
2018-07-05,6671.850318908691
2018-07-06,6764.949913024902
2018-07-07,6774.449768066406
2018-07-08,6774.449768066406
2018-07-09,6774.449768066406
2018-07-10,6765.900115966797
2018-07-11,6679.449768066406
2018-07-12,6731.700057983398
2018-07-13,6783.000144958496
2018-07-14,6650.9502029418945
2018-07-15,6650.9502029418945
2018-07-16,6650.9502029418945
2018-07-17,6681.350173950195
2018-07-18,6662.349739074707
2018-07-19,6691.800231933594
2018-07-20,6643.350028991699
2018-07-21,6664.250144958496
2018-07-22,6664.250144958496
2018-07-23,6664.250144958496
2018-07-24,6686.099739074707
2018-07-25,6734.549942016602
2018-07-26,6772.550086975098
2018-07-27,6661.400260925293
2018-07-28,6705.100173950195
2018-07-29,6705.100173950195
2018-07-30,6705.100173950195
2018-07-31,6691.800231933594
2018-08-01,6471.400260925293
2018-08-02,6507.5
2018-08-03,6413.4502029418945
2018-08-04,6479.949913024902
2018-08-05,6479.949913024902
2018-08-06,6479.949913024902
2018-08-07,6482.7997970581055
2018-08-08,6517.950057983398
2018-08-09,6530.2997970581055
2018-08-10,6545.500144958496
2018-08-11,6463.800086975098
2018-08-12,6463.800086975098
2018-08-13,6463.800086975098
2018-08-14,6512.250289916992
2018-08-15,6360.249710083008
2018-08-16,6379.250144958496
2018-08-17,6414.399681091309
2018-08-18,6444.799652099609
2018-08-19,6444.799652099609
2018-08-20,6444.799652099609
2018-08-21,6409.650115966797
2018-08-22,6480.900115966797
2018-08-23,6385.900115966797
2018-08-24,6411.5497970581055
2018-08-25,6441.949768066406
2018-08-26,6441.949768066406
2018-08-27,6441.949768066406
2018-08-28,6395.399971008301
2018-08-29,6334.600028991699
2018-08-30,6312.749710083008
2018-08-31,6261.450347900391
2018-09-01,6241.499710083008
2018-09-02,6241.499710083008
2018-09-03,6241.499710083008
2018-09-04,6241.499710083008
2018-09-05,6277.600173950195
2018-09-06,6270.9502029418945
2018-09-07,6254.799652099609
2018-09-08,6133.199768066406
2018-09-09,6133.199768066406
2018-09-10,6133.199768066406
2018-09-11,6176.899681091309
2018-09-12,6185.450057983398
2018-09-13,6266.199913024902
2018-09-14,6307.049942016602
2018-09-15,6457.150115966797
2018-09-16,6457.150115966797
2018-09-17,6457.150115966797
2018-09-18,6568.299942016602
2018-09-19,6604.399681091309
2018-09-20,6517.950057983398
2018-09-21,6565.450057983398
2018-09-22,6447.650260925293
2018-09-23,6447.650260925293
2018-09-24,6447.650260925293
2018-09-25,6500.850028991699
2018-09-26,6498.950347900391
2018-09-27,6477.100028991699
2018-09-28,6440.050086975098
2018-09-29,6550.249710083008
2018-09-30,6550.249710083008
2018-10-01,6550.249710083008
2018-10-02,6448.599739074707
2018-10-03,6500.850028991699
2018-10-04,6505.600318908691
2018-10-05,6517.950057983398
2018-10-06,6498.000144958496
2018-10-07,6498.000144958496
2018-10-08,6498.000144958496
2018-10-09,6528.400115966797
2018-10-10,6394.449768066406
2018-10-11,6195.900115966797
2018-10-12,6176.899681091309
2018-10-13,6156.949768066406
2018-10-14,6156.949768066406
2018-10-15,6156.949768066406
2018-10-16,6408.699913024902
2018-10-17,6366.899681091309
2018-10-18,6357.399826049805
2018-10-19,6440.050086975098
2018-10-20,6363.100318908691
2018-10-21,6363.100318908691
2018-10-22,6363.100318908691
2018-10-23,6260.500144958496
2018-10-24,6045.799942016602
2018-10-25,6137.950057983398
2018-10-26,6017.30001449585
2018-10-27,6006.849956512451
2018-10-28,6006.849956512451
2018-10-29,6006.849956512451
2018-10-30,6010.650043487549
2018-10-31,6231.999855041504
2018-11-01,6156.949768066406
2018-11-02,5940.349884033203
2018-11-03,6075.250072479248
2018-11-04,6075.250072479248
2018-11-05,6075.250072479248
2018-11-06,6050.5498695373535
2018-11-07,6086.649971008301
2018-11-08,6077.150115966797
2018-11-09,5993.55001449585
2018-11-10,5927.049942016602
2018-11-11,5927.049942016602
2018-11-12,5927.049942016602
2018-11-13,5795.949840545654
2018-11-14,5735.149898529053
2018-11-15,5829.200057983398
2018-11-16,5909.000072479248
2018-11-17,5916.599884033203
2018-11-18,5916.599884033203
2018-11-19,5916.599884033203
2018-11-20,5732.30001449585
2018-11-21,5794.050159454346
2018-11-22,5614.499855041504
2018-11-23,5614.499855041504
2018-11-24,5655.349884033203
2018-11-25,5655.349884033203
2018-11-26,5655.349884033203
2018-11-27,5676.25
2018-11-28,5749.400043487549
2018-11-29,5827.30001449585
2018-11-30,5835.850028991699
2018-12-01,5961.25
2018-12-02,5961.25
2018-12-03,5961.25
2018-12-04,5756.999855041504
2018-12-05,5640.149898529053
2018-12-06,5640.149898529053
2018-12-07,5699.050159454346
2018-12-08,5620.19998550415
2018-12-09,5620.19998550415
2018-12-10,5620.19998550415
2018-12-11,5603.099956512451
2018-12-12,5672.449913024902
2018-12-13,5837.750072479248
2018-12-14,5718.0498695373535
2018-12-15,5566.999855041504
2018-12-16,5566.999855041504
2018-12-17,5566.999855041504
2018-12-18,5364.650115966797
2018-12-19,5309.549942016602
2018-12-20,5179.400043487549
2018-12-21,5120.500144958496
2018-12-22,4825.050086975098
2018-12-23,4825.050086975098
2018-12-24,4825.050086975098
2018-12-25,5101.500072479248
2018-12-26,5101.500072479248
2018-12-27,5065.399971008301
2018-12-28,5033.099956512451
2018-12-29,5125.250072479248
2018-12-30,5125.250072479248
2018-12-31,5125.250072479248
2019-01-01,5168.94998550415
2019-01-02,5168.94998550415
2019-01-03,5156.599884033203
2019-01-04,5381.750144958496
2019-01-05,5475.799942016602
2019-01-06,5475.799942016602
2019-01-07,5475.799942016602
2019-01-08,5592.649898529053
2019-01-09,5674.349956512451
2019-01-10,5703.800086975098
2019-01-11,5680.999927520752
2019-01-12,5640.149898529053
2019-01-13,5640.149898529053
2019-01-14,5640.149898529053
2019-01-15,5791.199913024902
2019-01-16,5811.149826049805
2019-01-17,5880.500144958496
2019-01-18,6003.0498695373535
2019-01-19,5945.100173950195
2019-01-20,5945.100173950195
2019-01-21,5945.100173950195
2019-01-22,5945.100173950195
2019-01-23,5942.249927520752
2019-01-24,5951.750144958496
2019-01-25,5931.7998695373535
2019-01-26,5917.550086975098
2019-01-27,5917.550086975098
2019-01-28,5917.550086975098
2019-01-29,6041.999855041504
2019-01-30,6098.999710083008
2019-01-31,6099.949913024902
2019-02-01,6190.200347900391
2019-02-02,6269.0497970581055
2019-02-03,6269.0497970581055
2019-02-04,6269.0497970581055
2019-02-05,6289.949913024902
2019-02-06,6248.149681091309
2019-02-07,6188.299942016602
2019-02-08,6176.899681091309
2019-02-09,6179.750289916992
2019-02-10,6179.750289916992
2019-02-11,6179.750289916992
2019-02-12,11102.11003112793
2019-02-13,11189.920082092285
2019-02-14,11238.750160217285
2019-02-15,11388.630004882812
2019-02-16,11514.71002960205
2019-02-17,11514.71002960205
2019-02-18,11514.71002960205
2019-02-19,11514.71002960205
2019-02-20,11507.990142822266
2019-02-21,11500.81021118164
2019-02-22,11542.290405273438
2019-02-23,11483.119987487793
2019-02-24,11483.119987487793
2019-02-25,11483.119987487793
2019-02-26,11220.25015258789
2019-02-27,11363.440223693848
2019-02-28,11283.620307922363
2019-03-01,11471.830352783203
2019-03-02,11477.690223693848
2019-03-03,11477.690223693848
2019-03-04,11477.690223693848
2019-03-05,11471.68978881836
2019-03-06,11417.560081481934
2019-03-07,11492.649810791016
2019-03-08,11489.000305175781
2019-03-09,11594.720191955566
2019-03-10,11594.720191955566
2019-03-11,11594.720191955566
2019-03-12,11673.25
2019-03-13,11741.069610595703
2019-03-14,11727.750129699707
2019-03-15,11709.409973144531
2019-03-16,11855.100326538086
2019-03-17,11855.100326538086
2019-03-18,11855.100326538086
2019-03-19,11818.439781188965
2019-03-20,11913.150421142578
2019-03-21,12048.159973144531
2019-03-22,11976.960189819336
2019-03-23,11958.319923400879
2019-03-24,11958.319923400879
2019-03-25,11958.319923400879
2019-03-26,11978.190231323242
2019-03-27,11932.429809570312
2019-03-28,11943.309791564941
2019-03-29,12046.779678344727
2019-03-30,12128.339736938477
2019-03-31,12128.339736938477
2019-04-01,12128.339736938477
2019-04-02,12141.269821166992
2019-04-03,12056.71987915039
2019-04-04,12062.460174560547
2019-04-05,12215.620323181152
2019-04-06,12194.369720458984
2019-04-07,12194.369720458984
2019-04-08,12194.369720458984
2019-04-09,12136.920234680176
2019-04-10,12111.439781188965
2019-04-11,12162.10034942627
2019-04-12,12290.550117492676
2019-04-13,12186.62954711914
2019-04-14,12186.62954711914
2019-04-15,12186.62954711914
2019-04-16,12145.409652709961
2019-04-17,12097.820358276367
2019-04-18,12046.930099487305
2019-04-19,12034.689910888672
2019-04-20,12034.689910888672
2019-04-21,12034.689910888672
2019-04-22,12034.689910888672
2019-04-23,12060.81037902832
2019-04-24,12088.480041503906
2019-04-25,12102.820045471191
2019-04-26,12035.500450134277
2019-04-27,11928.300392150879
2019-04-28,11928.300392150879
2019-04-29,11928.300392150879
2019-04-30,11955.199897766113
2019-05-01,11846.70004272461
2019-05-02,11767.459907531738
2019-05-03,11834.899810791016
2019-05-04,11725.67008972168
2019-05-05,11725.67008972168
2019-05-06,11725.67008972168
2019-05-07,11706.88013458252
2019-05-08,11679.579772949219
2019-05-09,11700.830047607422
2019-05-10,11941.930404663086
2019-05-11,11877.310111999512
2019-05-12,11877.310111999512
2019-05-13,11877.310111999512
2019-05-14,11924.630142211914
2019-05-15,11973.590209960938
2019-05-16,12090.459907531738
2019-05-17,12085.499694824219
2019-05-18,12009.539772033691
2019-05-19,12009.539772033691
2019-05-20,12009.539772033691
2019-05-21,12111.650115966797
2019-05-22,12131.350479125977
2019-05-23,12049.190383911133
2019-05-24,12014.750610351562
2019-05-25,11828.000465393066
2019-05-26,11828.000465393066
2019-05-27,11828.000465393066
2019-05-28,11828.000465393066
2019-05-29,11687.05001449585
2019-05-30,11749.860054016113
2019-05-31,11696.249767303467
2019-06-01,11731.230041503906
2019-06-02,11731.230041503906
2019-06-03,11731.230041503906
2019-06-04,11868.669960021973
2019-06-05,11961.61018371582
2019-06-06,12072.240135192871
2019-06-07,12052.12003326416
2019-06-08,12018.769813537598
2019-06-09,12018.769813537598
2019-06-10,12018.769813537598
2019-06-11,12036.360168457031
2019-06-12,11957.419815063477
2019-06-13,12061.9697265625
2019-06-14,12047.379676818848
2019-06-15,12088.79963684082
2019-06-16,12088.79963684082
2019-06-17,12088.79963684082
2019-06-18,12140.399826049805
2019-06-19,12273.329895019531
2019-06-20,12470.9605178833
2019-06-21,12614.019943237305
2019-06-22,12449.10034942627
2019-06-23,12449.10034942627
2019-06-24,12449.10034942627
2019-06-25,12378.610168457031
2019-06-26,12289.67961883545
2019-06-27,12231.219856262207
2019-06-28,12446.869873046875
2019-06-29,12487.429809570312
2019-06-30,12487.429809570312
2019-07-01,12487.429809570312
2019-07-02,12531.799926757812
2019-07-03,12587.949447631836
2019-07-04,12626.94009399414
2019-07-05,12626.94009399414
2019-07-06,12565.510154724121
2019-07-07,12565.510154724121
2019-07-08,12565.510154724121
2019-07-09,12612.050102233887
2019-07-10,12698.129867553711
2019-07-11,12787.469741821289
2019-07-12,12788.770263671875
2019-07-13,12762.670555114746
2019-07-14,12762.670555114746
2019-07-15,12762.670555114746
2019-07-16,12652.429908752441
2019-07-17,12633.649810791016
2019-07-18,12640.510269165039
2019-07-19,12532.500015258789
2019-07-20,12612.810256958008
2019-07-21,12612.810256958008
2019-07-22,12612.810256958008
2019-07-23,12483.300071716309
2019-07-24,12510.529792785645
2019-07-25,12553.93025970459
2019-07-26,12537.72956085205
2019-07-27,12344.500289916992
2019-07-28,12344.500289916992
2019-07-29,12344.500289916992
2019-07-30,12253.159965515137
2019-07-31,12481.089859008789
2019-08-01,12578.2894821167
2019-08-02,12578.2894821167
2019-08-03,12109.809616088867
2019-08-04,12109.809616088867
2019-08-05,12109.809616088867
2019-08-06,12228.489540100098
2019-08-07,12154.080360412598
2019-08-08,12427.830520629883
2019-08-09,12479.989974975586
2019-08-10,12477.669654846191
2019-08-11,12477.669654846191
2019-08-12,12477.669654846191
2019-08-13,12521.850204467773
2019-08-14,12312.699913024902
2019-08-15,12412.469421386719
2019-08-16,12555.34049987793
2019-08-17,12740.970321655273
2019-08-18,12740.970321655273
2019-08-19,12740.970321655273
2019-08-20,12756.07992553711
2019-08-21,12817.79010772705
2019-08-22,12702.19009399414
2019-08-23,12381.380111694336
2019-08-24,12575.969421386719
2019-08-25,12575.969421386719
2019-08-26,12575.969421386719
2019-08-27,12571.889656066895
2019-08-28,12711.349884033203
2019-08-29,12844.220207214355
2019-08-30,12861.69009399414
2019-08-31,12878.450057983398
2019-09-01,12878.450057983398
2019-09-02,12878.450057983398
2019-09-03,12878.450057983398
2019-09-04,12940.800086975098
2019-09-05,12845.58975982666
2019-09-06,12929.850173950195
2019-09-07,13062.07958984375
2019-09-08,13062.07958984375
2019-09-09,13062.07958984375
2019-09-10,13080.509864807129
2019-09-11,13195.879531860352
2019-09-12,13200.730186462402
2019-09-13,13168.700187683105
2019-09-14,13299.100173950195
2019-09-15,13299.100173950195
2019-09-16,13299.100173950195
2019-09-17,13389.719421386719
2019-09-18,13296.099868774414
2019-09-19,13188.37954711914
2019-09-20,13313.609733581543
2019-09-21,13207.359558105469
2019-09-22,13207.359558105469
2019-09-23,13207.359558105469
2019-09-24,13245.620178222656
2019-09-25,13187.279502868652
2019-09-26,13204.939613342285
2019-09-27,13176.140106201172
2019-09-28,13347.780258178711
2019-09-29,13347.780258178711
2019-09-30,13347.780258178711
2019-10-01,13188.889991760254
2019-10-02,12985.239555358887
2019-10-03,13102.429954528809
2019-10-04,13173.739700317383
2019-10-05,13014.88980102539
2019-10-06,13014.88980102539
2019-10-07,13014.88980102539
2019-10-08,12753.129867553711
2019-10-09,12823.470031738281
2019-10-10,12847.7802734375
2019-10-11,12859.52043914795
2019-10-12,12821.789627075195
2019-10-13,12821.789627075195
2019-10-14,12821.789627075195
2019-10-15,12813.75
2019-10-16,12731.29997253418
2019-10-17,12756.930114746094
2019-10-18,12861.889526367188
2019-10-19,12910.639671325684
2019-10-20,12910.639671325684
2019-10-21,12910.639671325684
2019-10-22,12997.190383911133
2019-10-23,13100.45034790039
2019-10-24,13139.129981994629
2019-10-25,12987.960342407227
2019-10-26,12832.409950256348
2019-10-27,12832.409950256348
2019-10-28,12832.409950256348
2019-10-29,12875.500129699707
2019-10-30,12736.129692077637
2019-10-31,12847.77993774414
2019-11-01,13007.219711303711
2019-11-02,13103.519668579102
2019-11-03,13103.519668579102
2019-11-04,13103.519668579102
2019-11-05,12988.849914550781
2019-11-06,12880.660255432129
2019-11-07,12738.879707336426
2019-11-08,12806.760108947754
2019-11-09,12762.589904785156
2019-11-10,12762.589904785156
2019-11-11,12762.589904785156
2019-11-12,12900.989395141602
2019-11-13,13027.250610351562
2019-11-14,12920.410400390625
2019-11-15,13056.140296936035
2019-11-16,13073.140296936035
2019-11-17,13073.140296936035
2019-11-18,13073.140296936035
2019-11-19,12957.230491638184
2019-11-20,13083.030113220215
2019-11-21,13097.29995727539
2019-11-22,13108.650001525879
2019-11-23,13132.959587097168
2019-11-24,13132.959587097168
2019-11-25,13132.959587097168
2019-11-26,13138.219741821289
2019-11-27,13130.92992401123
2019-11-28,13082.360473632812
2019-11-29,13082.360473632812
2019-11-30,13023.530128479004
2019-12-01,13023.530128479004
2019-12-02,13023.530128479004
2019-12-03,13028.610153198242
2019-12-04,13074.790252685547
2019-12-05,13080.870292663574
2019-12-06,13072.169494628906
2019-12-07,13129.68978881836
2019-12-08,13129.68978881836
2019-12-09,13129.68978881836
2019-12-10,13229.13981628418
2019-12-11,13293.15983581543
2019-12-12,13242.720321655273
2019-12-13,13348.68977355957
2019-12-14,13449.569915771484
2019-12-15,13449.569915771484
2019-12-16,13449.569915771484
2019-12-17,13424.359848022461
2019-12-18,13540.069915771484
2019-12-19,13565.390266418457
2019-12-20,13652.390441894531
2019-12-21,13693.129692077637
2019-12-22,13693.129692077637
2019-12-23,13693.129692077637
2019-12-24,13659.949592590332
2019-12-25,13752.00952911377
2019-12-26,13752.00952911377
2019-12-27,13679.859703063965
2019-12-28,13660.04995727539
2019-12-29,13660.04995727539
2019-12-30,13660.04995727539
2019-12-31,13702.289642333984
2020-01-01,13604.609703063965
2020-01-02,13604.609703063965
2020-01-03,13628.77993774414
2020-01-04,13713.45034790039
2020-01-05,13713.45034790039
2020-01-06,13713.45034790039
2020-01-07,13702.590065002441
2020-01-08,13632.449882507324
2020-01-09,13582.210372924805
2020-01-10,13615.029647827148
2020-01-11,13743.109718322754
2020-01-12,13743.109718322754
2020-01-13,13743.109718322754
2020-01-14,13719.610168457031
2020-01-15,13839.470321655273
2020-01-16,13966.839569091797
2020-01-17,14090.749694824219
2020-01-18,14003.73063659668
2020-01-19,14003.73063659668
2020-01-20,14003.73063659668
2020-01-21,14003.73063659668
2020-01-22,13956.64998626709
2020-01-23,14130.129981994629
2020-01-24,13979.479415893555
2020-01-25,13847.219711303711
2020-01-26,13847.219711303711
2020-01-27,13847.219711303711
2020-01-28,14002.010604858398
2020-01-29,13942.539916992188
2020-01-30,14098.240325927734
2020-01-31,14020.170234680176
2020-02-01,13997.380126953125
2020-02-02,13997.380126953125
2020-02-03,13997.380126953125
2020-02-04,13952.160400390625
2020-02-05,14065.800102233887
2020-02-06,14107.249855041504
2020-02-07,13978.569900512695
2020-02-08,13972.28978729248
2020-02-09,13972.28978729248
2020-02-10,13972.28978729248
2020-02-11,14032.380126953125
2020-02-12,14091.220321655273
2020-02-13,14077.900115966797
2020-02-14,14234.38060760498
2020-02-15,14227.570205688477
2020-02-16,14227.570205688477
2020-02-17,14227.570205688477
2020-02-18,14227.570205688477
2020-02-19,14159.63981628418
2020-02-20,14239.669654846191
2020-02-21,14133.189453125
2020-02-22,13760.530128479004
2020-02-23,13760.530128479004
2020-02-24,13760.530128479004
2020-02-25,13424.460372924805
2020-02-26,13277.95987701416
2020-02-27,12498.31021118164
2020-02-28,12348.940063476562
2020-02-29,12683.239555358887
2020-03-01,12683.239555358887
2020-03-02,12683.239555358887
2020-03-03,12547.61018371582
2020-03-04,13069.820190429688
2020-03-05,12621.229995727539
2020-03-06,11915.359703063965
2020-03-07,9113.179946899414
2020-03-08,9113.179946899414
2020-03-09,9113.179946899414
2020-03-10,9228.650146484375
2020-03-11,8701.149738311768
2020-03-12,7187.309768676758
2020-03-13,7515.959856033325
2020-03-14,6186.610139846802
2020-03-15,6186.610139846802
2020-03-16,6186.610139846802
2020-03-17,6271.889860153198
2020-03-18,5863.350054740906
2020-03-19,6246.549978256226
2020-03-20,6248.169981002808
2020-03-21,5879.0599575042725
2020-03-22,5879.0599575042725
2020-03-23,5879.0599575042725
2020-03-24,6568.039875030518
2020-03-25,7098.309913635254
2020-03-26,7628.9999923706055
2020-03-27,7197.889932632446
2020-03-28,7063.3699951171875
2020-03-29,7063.3699951171875
2020-03-30,7063.3699951171875
2020-03-31,6930.519857406616
2020-04-01,6283.530033111572
2020-04-02,6624.030012130737
2020-04-03,6539.839889526367
2020-04-04,7120.070032119751
2020-04-05,7120.070032119751
2020-04-06,7120.070032119751
2020-04-07,7323.409986495972
2020-04-08,7760.900203704834
2020-04-09,8310.789911270142
2020-04-10,8236.040079116821
2020-04-11,8236.040079116821
2020-04-12,8236.040079116821
2020-04-13,8236.040079116821
2020-04-14,8395.639947891235
2020-04-15,7828.880077362061
2020-04-16,7574.929931640625
2020-04-17,8142.020025253296
2020-04-18,7950.459899902344
2020-04-19,7950.459899902344
2020-04-20,7950.459899902344
2020-04-21,7686.959884643555
2020-04-22,7911.8301067352295
2020-04-23,8170.500072479248
2020-04-24,8087.410037994385
2020-04-25,8247.800174713135
2020-04-26,8247.800174713135
2020-04-27,8247.800174713135
2020-04-28,8359.630025863647
2020-04-29,8509.340085983276
2020-04-30,8168.899963378906
2020-05-01,7811.290063858032
2020-05-02,8110.210168838501
2020-05-03,8110.210168838501
2020-05-04,8110.210168838501
2020-05-05,8184.810081481934
2020-05-06,7968.609819412231
2020-05-07,8146.6401443481445
2020-05-08,8318.24013710022
2020-05-09,8347.500051498413
2020-05-10,8347.500051498413
2020-05-11,8347.500051498413
2020-05-12,8349.069843292236
2020-05-13,7980.349956512451
2020-05-14,8092.069755554199
2020-05-15,8202.649810791016
2020-05-16,8663.6499710083
2020-05-17,8663.6499710083
2020-05-18,8663.6499710083
2020-05-19,8757.749992370605
2020-05-20,8741.969814300537
2020-05-21,8628.3401222229
2020-05-22,8762.82996749878
2020-05-23,8958.790042877197
2020-05-24,8958.790042877197
2020-05-25,8958.790042877197
2020-05-26,8958.790042877197
2020-05-27,8942.699920654297
2020-05-28,9019.369857788086
2020-05-29,8916.879764556885
2020-05-30,9173.310256958008
2020-05-31,9173.310256958008
2020-06-01,9173.310256958008
2020-06-02,9368.610416412354
2020-06-03,9513.900436401367
2020-06-04,9405.419624328613
2020-06-05,10061.219566345215
2020-06-06,10359.769798278809
2020-06-07,10359.769798278809
2020-06-08,10359.769798278809
2020-06-09,9825.129764556885
2020-06-10,9516.179851531982
2020-06-11,8665.99031829834
2020-06-12,8572.700145721436
2020-06-13,8847.549869537354
2020-06-14,8847.549869537354
2020-06-15,8847.549869537354
2020-06-16,8995.480171203613
2020-06-17,8775.459747314453
2020-06-18,8809.329750061035
2020-06-19,8382.899826049805
2020-06-20,8548.749694824219
2020-06-21,8548.749694824219
2020-06-22,8548.749694824219
2020-06-23,8496.840202331543
2020-06-24,8230.219966888428
2020-06-25,8151.260059356689
2020-06-26,7769.179975509644
2020-06-27,8101.110067367554
2020-06-28,8101.110067367554
2020-06-29,8101.110067367554
2020-06-30,8196.790260314941
2020-07-01,8275.149963378906
2020-07-02,8254.670249938965
2020-07-03,7866.899955749512
2020-07-04,7866.899955749512
2020-07-05,7866.899955749512
2020-07-06,7866.899955749512
2020-07-07,7683.780084609985
2020-07-08,7640.950057983398
2020-07-09,7484.720003128052
2020-07-10,7662.709856033325
2020-07-11,7693.359935760498
2020-07-12,7693.359935760498
2020-07-13,7693.359935760498
2020-07-14,7825.019777297974
2020-07-15,8034.300058364868
2020-07-16,8013.839918136597
2020-07-17,8090.909994125366
2020-07-18,7956.410118103027
2020-07-19,7956.410118103027
2020-07-20,7956.410118103027
2020-07-21,8235.139904022217
2020-07-22,8301.339881896973
2020-07-23,8226.8197555542
2020-07-24,8130.060052871704
2020-07-25,7950.040187835693
2020-07-26,7950.040187835693
2020-07-27,7950.040187835693
2020-07-28,8025.650014877319
2020-07-29,8198.830026626587
2020-07-30,8080.050086975098
2020-07-31,8003.229946136475
2020-08-01,8005.120119094849
2020-08-02,8005.120119094849
2020-08-03,8005.120119094849
2020-08-04,8148.909906387329
2020-08-05,8358.839925765991
2020-08-06,8278.049926757812
2020-08-07,8385.349672317505
2020-08-08,8614.410249710083
2020-08-09,8614.410249710083
2020-08-10,8614.410249710083
2020-08-11,8490.58009147644
2020-08-12,8614.470155715942
2020-08-13,8527.33010673523
2020-08-14,8472.819952011108
2020-08-15,8329.339641571045
2020-08-16,8329.339641571045
2020-08-17,8329.339641571045
2020-08-18,8230.080018997192
2020-08-19,8160.160110473633
2020-08-20,8044.709980010986
2020-08-21,7949.240064620972
2020-08-22,8066.610139846802
2020-08-23,8066.610139846802
2020-08-24,8066.610139846802
2020-08-25,7986.630113601685
2020-08-26,7783.819791793823
2020-08-27,7883.1699295043945
2020-08-28,7927.359979629517
2020-08-29,7927.550022125244
2020-08-30,7927.550022125244
2020-08-31,7927.550022125244
2020-09-01,7835.999963760376
2020-09-02,7950.100080490112
2020-09-03,7833.410037994385
2020-09-04,7740.469995498657
2020-09-05,7605.119806289673
2020-09-06,7605.119806289673
2020-09-07,7605.119806289673
2020-09-08,7605.119806289673
2020-09-09,7716.449825286865
2020-09-10,7552.010183334351
2020-09-11,7567.700145721436
2020-09-12,7716.949993133545
2020-09-13,7716.949993133545
2020-09-14,7716.949993133545
2020-09-15,7555.63996887207
2020-09-16,7862.769813537598
2020-09-17,7867.140012741089
2020-09-18,7775.440231323242
2020-09-19,7528.180208206177
2020-09-20,7528.180208206177
2020-09-21,7528.180208206177
2020-09-22,7557.800138473511
2020-09-23,7254.800086975098
2020-09-24,7302.419864654541
2020-09-25,7433.180047988892
2020-09-26,7489.479982376099
2020-09-27,7489.479982376099
2020-09-28,7489.479982376099
2020-09-29,7529.390020370483
2020-09-30,7557.579982757568
2020-10-01,7523.2399253845215
2020-10-02,7701.850065231323
2020-10-03,7859.059913635254
2020-10-04,7859.059913635254
2020-10-05,7859.059913635254
2020-10-06,7826.590093612671
2020-10-07,7918.910001754761
2020-10-08,8242.479946136475
2020-10-09,8178.180019378662
2020-10-10,8222.68995475769
2020-10-11,8222.68995475769
2020-10-12,8222.68995475769
2020-10-13,8239.400203704834
2020-10-14,8310.119915008545
2020-10-15,8360.119682312012
2020-10-16,8254.229990005493
2020-10-17,8190.260139465332
2020-10-18,8190.260139465332
2020-10-19,8190.260139465332
2020-10-20,8323.639692306519
2020-10-21,8260.750160217285
2020-10-22,8601.68995475769
2020-10-23,8658.22995376587
2020-10-24,8450.21033668518
2020-10-25,8450.21033668518
2020-10-26,8450.21033668518
2020-10-27,8387.010154724121
2020-10-28,8185.849948883057
2020-10-29,8358.46001625061
2020-10-30,8145.480026245117
2020-10-31,8264.510074615479
2020-11-01,8264.510074615479
2020-11-02,8264.510074615479
2020-11-03,8298.700269699097
2020-11-04,8239.489721298218
2020-11-05,8172.730178833008
2020-11-06,7922.240020751953
2020-11-07,8585.020009994507
2020-11-08,8585.020009994507
2020-11-09,8585.020009994507
2020-11-10,8937.580375671387
2020-11-11,8797.919872283936
2020-11-12,8612.050174713135
2020-11-13,8793.350116729736
2020-11-14,8897.169960021973
2020-11-15,8897.169960021973
2020-11-16,8897.169960021973
2020-11-17,8929.030025482178
2020-11-18,8790.169841766357
2020-11-19,8764.249927520752
2020-11-20,8739.25983428955
2020-11-21,8976.81974029541
2020-11-22,8976.81974029541
2020-11-23,8976.81974029541
2020-11-24,9267.029880523682
2020-11-25,9240.580375671387
2020-11-26,9146.63024520874
2020-11-27,9146.63024520874
2020-11-28,8889.290042877197
2020-11-29,8889.290042877197
2020-11-30,8889.290042877197
2020-12-01,8958.330207824707
2020-12-02,9211.13980102539
2020-12-03,9332.979923248291
2020-12-04,9371.160022735596
2020-12-05,9343.339946746826
2020-12-06,9343.339946746826
2020-12-07,9343.339946746826
2020-12-08,9434.950218200684
2020-12-09,9366.180404663086
2020-12-10,9501.63981628418
2020-12-11,9453.1499710083
2020-12-12,9319.019653320312
2020-12-13,9319.019653320312
2020-12-14,9319.019653320312
2020-12-15,9555.29999923706
2020-12-16,9413.909934997559
2020-12-17,9534.170192718506
2020-12-18,9407.749767303467
2020-12-19,9190.579902648926
2020-12-20,9190.579902648926
2020-12-21,9190.579902648926
2020-12-22,9099.459957122803
2020-12-23,9101.849796295166
2020-12-24,9099.699993133545
2020-12-25,9088.01989364624
2020-12-26,9088.01989364624
2020-12-27,9088.01989364624
2020-12-28,9088.01989364624
2020-12-29,9057.12007522583
2020-12-30,9031.659885406494
2020-12-31,9124.73025894165
2021-01-01,8885.900131225586
2021-01-02,8885.900131225586
2021-01-03,8885.900131225586
2021-01-04,8885.900131225586
2021-01-05,9047.73025894165
2021-01-06,9107.680068969727
2021-01-07,9022.200138092041
2021-01-08,8943.889976501465
2021-01-09,9008.480113983154
2021-01-10,9008.480113983154
2021-01-11,9008.480113983154
2021-01-12,9207.449840545654
2021-01-13,9361.899978637695
2021-01-14,9520.98978805542
2021-01-15,9449.029983520508
2021-01-16,9414.090202331543
2021-01-17,9414.090202331543
2021-01-18,9414.090202331543
2021-01-19,9414.090202331543
2021-01-20,9464.359958648682
2021-01-21,9334.56001663208
2021-01-22,9292.149883270264
2021-01-23,9428.560009002686
2021-01-24,9428.560009002686
2021-01-25,9428.560009002686
2021-01-26,9358.76974105835
2021-01-27,9010.099796295166
2021-01-28,9362.120162963867
2021-01-29,9105.530265808105
2021-01-30,9174.320148468018
2021-01-31,9174.320148468018
2021-02-01,9174.320148468018
2021-02-02,9271.889991760254
2021-02-03,9338.790035247803
2021-02-04,9454.709899902344
2021-02-05,9498.11992263794
2021-02-06,9494.399963378906
2021-02-07,9494.399963378906
2021-02-08,9494.399963378906
2021-02-09,9508.819900512695
2021-02-10,9705.799934387207
2021-02-11,9616.000015258789
2021-02-12,9638.950057983398
2021-02-13,9726.490085601807
2021-02-14,9726.490085601807
2021-02-15,9726.490085601807
2021-02-16,9726.490085601807
2021-02-17,9727.280185699463
2021-02-18,9605.309913635254
2021-02-19,9709.409957885742
2021-02-20,9653.880012512207
2021-02-21,9653.880012512207
2021-02-22,9653.880012512207
2021-02-23,9646.979793548584
2021-02-24,9707.959899902344
2021-02-25,9433.440223693848
2021-02-26,9194.690231323242
2021-02-27,9579.35018157959
2021-02-28,9579.35018157959
2021-03-01,9579.35018157959
2021-03-02,9491.139823913574
2021-03-03,9567.860095977783
2021-03-04,9614.31990814209
2021-03-05,9833.45989227295
2021-03-06,9991.4302444458
2021-03-07,9991.4302444458
2021-03-08,9991.4302444458
2021-03-09,9928.28995513916
2021-03-10,10279.319980621338
2021-03-11,10245.1303024292
2021-03-12,10438.249855041504
2021-03-13,10548.550086975098
2021-03-14,10548.550086975098
2021-03-15,10548.550086975098
2021-03-16,10349.189903259277
2021-03-17,10348.470207214355
2021-03-18,10152.230098724365
2021-03-19,10134.359703063965
2021-03-20,10114.850421905518
2021-03-21,10114.850421905518
2021-03-22,10114.850421905518
2021-03-23,10077.110256195068
2021-03-24,10176.01021194458
2021-03-25,10352.689685821533
2021-03-26,10544.120002746582
2021-03-27,10488.32007598877
2021-03-28,10488.32007598877
2021-03-29,10488.32007598877
2021-03-30,10432.21015548706
2021-03-31,10513.640064239502
2021-04-01,10545.64998626709
2021-04-02,10602.9697265625
2021-04-03,10602.9697265625
2021-04-04,10602.9697265625
2021-04-05,10602.9697265625
2021-04-06,10642.020076751709
2021-04-07,10599.660125732422
2021-04-08,10519.14965057373
2021-04-09,10611.43977355957
2021-04-10,10567.919696807861
2021-04-11,10567.919696807861
2021-04-12,10567.919696807861
2021-04-13,10660.26972579956
2021-04-14,10717.369945526123
2021-04-15,10895.140151977539
2021-04-16,10842.019828796387
2021-04-17,10863.420120239258
2021-04-18,10863.420120239258
2021-04-19,10863.420120239258
2021-04-20,10823.830127716064
2021-04-21,10915.000247955322
2021-04-22,10759.149955749512
2021-04-23,10701.01016998291
2021-04-24,10662.770149230957
2021-04-25,10662.770149230957
2021-04-26,10662.770149230957
2021-04-27,10635.589786529541
2021-04-28,10753.910022735596
2021-04-29,10850.159645080566
2021-04-30,10887.810329437256
2021-05-01,10944.980010986328
2021-05-02,10944.980010986328
2021-05-03,10944.980010986328
2021-05-04,10928.239990234375
2021-05-05,10874.889961242676
2021-05-06,10948.180011749268
2021-05-07,10997.360416412354
2021-05-08,11104.060096740723
2021-05-09,11104.060096740723
2021-05-10,11104.060096740723
2021-05-11,11017.86975479126
2021-05-12,10807.230419158936
2021-05-13,10936.489700317383
2021-05-14,11101.979881286621
2021-05-15,11140.169551849365
2021-05-16,11140.169551849365
2021-05-17,11140.169551849365
2021-05-18,11034.150218963623
2021-05-19,10867.549926757812
2021-05-20,10937.370105743408
2021-05-21,10949.409893035889
2021-05-22,11066.979705810547
2021-05-23,11066.979705810547
2021-05-24,11066.979705810547
2021-05-25,10827.049854278564
2021-05-26,10880.73978805542
2021-05-27,10833.900058746338
2021-05-28,10836.3703956604
2021-05-29,10953.139728546143
2021-05-30,10953.139728546143
2021-05-31,10953.139728546143
2021-06-01,10953.139728546143
2021-06-02,10994.869842529297
2021-06-03,10994.829879760742
2021-06-04,10991.309993743896
2021-06-05,11093.450088500977
2021-06-06,11093.450088500977
2021-06-07,11093.450088500977
2021-06-08,11123.019989013672
2021-06-09,11205.720119476318
2021-06-10,11210.769989013672
2021-06-11,11347.020366668701
2021-06-12,11426.549869537354
2021-06-13,11426.549869537354
2021-06-14,11426.549869537354
2021-06-15,11512.679851531982
2021-06-16,11486.780200958252
2021-06-17,11190.140064239502
2021-06-18,10961.01022720337
2021-06-19,11234.830303192139
2021-06-20,11234.830303192139
2021-06-21,11234.830303192139
2021-06-22,11158.499984741211
2021-06-23,11075.929851531982
2021-06-24,11138.200073242188
2021-06-25,11283.459980010986
2021-06-26,11169.83981704712
2021-06-27,11169.83981704712
2021-06-28,11169.83981704712
2021-06-29,10992.060081481934
2021-06-30,10982.439758300781
2021-07-01,11174.219871520996
2021-07-02,11248.019653320312
2021-07-03,11101.459949493408
2021-07-04,11101.459949493408
2021-07-05,11101.459949493408
2021-07-06,11101.459949493408
2021-07-07,11005.149738311768
2021-07-08,10934.089786529541
2021-07-09,11177.380069732666
2021-07-10,11145.319931030273
2021-07-11,11145.319931030273
2021-07-12,11145.319931030273
2021-07-13,10993.559616088867
2021-07-14,10896.910022735596
2021-07-15,10874.730010986328
2021-07-16,10835.04999923706
2021-07-17,10351.260387420654
2021-07-18,10351.260387420654
2021-07-19,10351.260387420654
2021-07-20,10648.660022735596
2021-07-21,10681.600044250488
2021-07-22,10595.709804534912
2021-07-23,10651.210124969482
2021-07-24,10733.95004272461
2021-07-25,10733.95004272461
2021-07-26,10733.95004272461
2021-07-27,10730.490036010742
2021-07-28,10776.839962005615
2021-07-29,10805.489612579346
2021-07-30,10555.099853515625
2021-07-31,10521.999855041504
2021-08-01,10521.999855041504
2021-08-02,10521.999855041504
2021-08-03,10560.989845275879
2021-08-04,10540.380142211914
2021-08-05,10676.370018005371
2021-08-06,10683.390209197998
2021-08-07,10560.429763793945
2021-08-08,10560.429763793945
2021-08-09,10560.429763793945
2021-08-10,10671.750072479248
2021-08-11,10694.850173950195
2021-08-12,10764.209819793701
2021-08-13,10734.860256195068
2021-08-14,10659.760314941406
2021-08-15,10659.760314941406
2021-08-16,10659.760314941406
2021-08-17,10628.869857788086
2021-08-18,10504.569972991943
2021-08-19,10355.360095977783
2021-08-20,10525.330055236816
2021-08-21,10609.369930267334
2021-08-22,10609.369930267334
2021-08-23,10609.369930267334
2021-08-24,10662.909965515137
2021-08-25,10737.0697555542
2021-08-26,10659.219638824463
2021-08-27,10784.780040740967
2021-08-28,10706.629981994629
2021-08-29,10706.629981994629
2021-08-30,10706.629981994629
2021-08-31,10680.880069732666
2021-09-01,10692.400436401367
2021-09-02,10852.499824523926
2021-09-03,10787.779983520508
2021-09-04,10669.680404663086
2021-09-05,10669.680404663086
2021-09-06,10669.680404663086
2021-09-07,10669.680404663086
2021-09-08,10736.200057983398
2021-09-09,10731.830039978027
2021-09-10,10683.6203956604
2021-09-11,10835.94998550415
2021-09-12,10835.94998550415
2021-09-13,10835.94998550415
2021-09-14,10794.440006256104
2021-09-15,11173.129676818848
2021-09-16,11089.309761047363
2021-09-17,10976.490036010742
2021-09-18,10668.340106964111
2021-09-19,10668.340106964111
2021-09-20,10668.340106964111
2021-09-21,10674.66018295288
2021-09-22,10836.8696975708
2021-09-23,11006.989860534668
2021-09-24,11039.760299682617
2021-09-25,11136.909934997559
2021-09-26,11136.909934997559
2021-09-27,11136.909934997559
2021-09-28,10852.26000213623
2021-09-29,11067.73009109497
2021-09-30,10948.550159454346
2021-10-01,11047.6901512146
2021-10-02,11146.059986114502
2021-10-03,11146.059986114502
2021-10-04,11146.059986114502
2021-10-05,11166.42008972168
2021-10-06,11203.60971069336
2021-10-07,16833.7599029541
2021-10-08,17188.49013900757
2021-10-09,17125.650268554688
2021-10-10,17125.650268554688
2021-10-11,17125.650268554688
2021-10-12,17277.800411224365
2021-10-13,17432.260219573975
2021-10-14,17616.450164794922
2021-10-15,17622.95059967041
2021-10-16,17566.56999206543
2021-10-17,17566.56999206543
2021-10-18,17566.56999206543
2021-10-19,17704.78028869629
2021-10-20,17976.989585876465
2021-10-21,17710.02963256836
2021-10-22,17869.259689331055
2021-10-23,18069.770347595215
2021-10-24,18069.770347595215
2021-10-25,18069.770347595215
2021-10-26,18177.669960021973
2021-10-27,17919.99976348877
2021-10-28,17991.919891357422
2021-10-29,17634.34972000122
2021-10-30,17803.92985534668
2021-10-31,17803.92985534668
2021-11-01,17803.92985534668
2021-11-02,17718.059898376465
2021-11-03,17586.839309692383
2021-11-04,17502.24990463257
2021-11-05,17902.370231628418
2021-11-06,17964.879676818848
2021-11-07,17964.879676818848
2021-11-08,17964.879676818848
2021-11-09,17930.48976135254
2021-11-10,17553.07014465332
2021-11-11,17511.7696685791
2021-11-12,17503.289707183838
2021-11-13,17526.479751586914
2021-11-14,17526.479751586914
2021-11-15,17526.479751586914
2021-11-16,17483.60008621216
2021-11-17,17320.1000289917
2021-11-18,17229.990016937256
2021-11-19,16764.66021347046
2021-11-20,16980.009677886963
2021-11-21,16980.009677886963
2021-11-22,16980.009677886963
2021-11-23,17525.870330810547
2021-11-24,17696.039916992188
2021-11-25,16936.610008239746
2021-11-26,16936.610008239746
2021-11-27,17108.039741516113
2021-11-28,17108.039741516113
2021-11-29,17108.039741516113
2021-11-30,16581.210132598877
2021-12-01,16350.230201721191
2021-12-02,16741.279682159424
2021-12-03,16697.539699554443
2021-12-04,16958.949882507324
2021-12-05,16958.949882507324
2021-12-06,16958.949882507324
2021-12-07,17388.69002532959
2021-12-08,17292.640296936035
2021-12-09,17157.02964401245
2021-12-10,17260.850059509277
2021-12-11,16959.450031280518
2021-12-12,16959.450031280518
2021-12-13,16959.450031280518
2021-12-14,16694.40016555786
2021-12-15,16746.330074310303
2021-12-16,16757.360134124756
2021-12-17,16495.15997314453
2021-12-18,16371.280136108398
2021-12-19,16371.280136108398
2021-12-20,16371.280136108398
2021-12-21,16726.479648590088
2021-12-22,16799.500122070312
2021-12-23,16830.410221099854
2021-12-24,17232.310062408447
2021-12-25,17232.310062408447
2021-12-26,17232.310062408447
2021-12-27,17232.310062408447
2021-12-28,17221.489936828613
2021-12-29,17165.599811553955
2021-12-30,17107.590160369873
2021-12-31,17133.01990890503
2022-01-01,17391.18063735962
2022-01-02,17391.18063735962
2022-01-03,17391.18063735962
2022-01-04,17904.00983428955
2022-01-05,17751.569946289062
2022-01-06,18015.950080871582
2022-01-07,18355.29044342041
2022-01-08,18167.159591674805
2022-01-09,18167.159591674805
2022-01-10,18167.159591674805
2022-01-11,18521.919597625732
2022-01-12,18577.779830932617
2022-01-13,18474.590354919434
2022-01-14,18851.810165405273
2022-01-15,18645.07975769043
2022-01-16,18645.07975769043
2022-01-17,18645.07975769043
2022-01-18,18645.07975769043
2022-01-19,18500.93952178955
2022-01-20,18272.89015197754
2022-01-21,18002.629440307617
2022-01-22,17983.259677886963
2022-01-23,17983.259677886963
2022-01-24,17983.259677886963
2022-01-25,18477.65009689331
2022-01-26,18572.24974822998
2022-01-27,18805.930114746094
2022-01-28,18757.7299118042
2022-01-29,19063.16040802002
2022-01-30,19063.16040802002
2022-01-31,19063.16040802002
2022-02-01,19200.689708709717
2022-02-02,19369.869689941406
2022-02-03,19165.990074157715
2022-02-04,19338.359924316406
2022-02-05,19470.240001678467
2022-02-06,19470.240001678467
2022-02-07,19470.240001678467
2022-02-08,19250.460033416748
2022-02-09,19447.50978088379
2022-02-10,19251.5401802063
2022-02-11,19681.090019226074
2022-02-12,19273.05027770996
2022-02-13,19273.05027770996
2022-02-14,19273.05027770996
2022-02-15,19038.05039215088
2022-02-16,19143.45973968506
2022-02-17,19200.36972808838
2022-02-18,19065.800075531006
2022-02-19,18771.10966873169
2022-02-20,18771.10966873169
2022-02-21,18771.10966873169
2022-02-22,18771.10966873169
2022-02-23,18802.399978637695
2022-02-24,18883.839599609375
2022-02-25,19242.400024414062
2022-02-26,19989.680221557617
2022-02-27,19989.680221557617
2022-02-28,19989.680221557617
2022-03-01,19988.270133972168
2022-03-02,20458.29930114746
2022-03-03,20540.819999694824
2022-03-04,20869.959747314453
2022-03-05,21010.4701461792
2022-03-06,21010.4701461792
2022-03-07,21010.4701461792
2022-03-08,28215.529481887817
2022-03-09,27903.07014656067
2022-03-10,28627.17004585266
2022-03-11,28151.810230255127
2022-03-12,27497.54974746704
2022-03-13,27497.54974746704
2022-03-14,27497.54974746704
2022-03-15,27504.849767684937
2022-03-16,27635.41011238098
2022-03-17,28443.01008796692
2022-03-18,28205.46981048584
2022-03-19,29090.909671783447
2022-03-20,29090.909671783447
2022-03-21,29090.909671783447
2022-03-22,28847.270416259766
2022-03-23,29172.710008621216
2022-03-24,29092.889991760254
2022-03-25,29747.29013633728
2022-03-26,29230.320121765137
2022-03-27,29230.320121765137
2022-03-28,29230.320121765137
2022-03-29,29540.20002746582
2022-03-30,29944.849563598633
2022-03-31,29687.389904022217
2022-04-01,30119.049966812134
2022-04-02,29973.409685134888
2022-04-03,29973.409685134888
2022-04-04,29973.409685134888
2022-04-05,29360.269899368286
2022-04-06,29634.29034614563
2022-04-07,29894.619998931885
2022-04-08,30799.39963912964
2022-04-09,30105.290140151978
2022-04-10,30105.290140151978
2022-04-11,30105.290140151978
2022-04-12,30456.860111236572
2022-04-13,30484.119871139526
2022-04-14,30478.890272140503
2022-04-15,30545.379974365234
2022-04-16,30545.379974365234
2022-04-17,30545.379974365234
2022-04-18,30545.379974365234
2022-04-19,30320.920406341553
2022-04-20,30556.250343322754
2022-04-21,22879.629262924194
2022-04-22,22254.84011077881
2022-04-23,21616.960218429565
2022-04-24,21616.960218429565
2022-04-25,21616.960218429565
2022-04-26,21243.059761047363
2022-04-27,21251.130199432373
2022-04-28,21763.519931793213
2022-04-29,21451.84006500244
2022-04-30,21215.040021896362
2022-05-01,21215.040021896362
2022-05-02,21215.040021896362
2022-05-03,21646.830501556396
2022-05-04,22249.949312210083
2022-05-05,21773.879669189453
2022-05-06,22410.01992034912
2022-05-07,20901.93031311035
2022-05-08,20901.93031311035
2022-05-09,20901.93031311035
2022-05-10,20831.979780197144
2022-05-11,20623.200605392456
2022-05-12,20186.340353012085
2022-05-13,20702.45960998535
2022-05-14,21019.890085220337
2022-05-15,21019.890085220337
2022-05-16,21019.890085220337
2022-05-17,21311.069988250732
2022-05-18,20851.82032394409
2022-05-19,21036.870079040527
2022-05-20,20970.030227661133
2022-05-21,21538.99050140381
2022-05-22,21538.99050140381
2022-05-23,21538.99050140381
2022-05-24,21864.029872894287
2022-05-25,22089.640617370605
2022-05-26,22064.67054748535
2022-05-27,22295.050395965576
2022-05-28,22115.34046936035
2022-05-29,22115.34046936035
2022-05-30,22115.34046936035
2022-05-31,22115.34046936035
2022-06-01,22202.939470291138
2022-06-02,22492.77039527893
2022-06-03,22391.429973602295
2022-06-04,22246.769987106323
2022-06-05,22246.769987106323
2022-06-06,22246.769987106323
2022-06-07,22713.879692077637
2022-06-08,22505.190231323242
2022-06-09,21865.020750045776
2022-06-10,22224.58043861389
2022-06-11,20769.65956878662
2022-06-12,20769.65956878662
2022-06-13,20769.65956878662
2022-06-14,20357.61985015869
2022-06-15,20170.38032913208
2022-06-16,19542.839948654175
2022-06-17,18862.289987564087
2022-06-18,19534.160160064697
2022-06-19,19534.160160064697
2022-06-20,19534.160160064697
2022-06-21,19534.160160064697
2022-06-22,19079.939653396606
2022-06-23,18686.07017993927
2022-06-24,19084.85986328125
2022-06-25,19480.9699344635
2022-06-26,19480.9699344635
2022-06-27,19480.9699344635
2022-06-28,19415.89005088806
2022-06-29,18960.849975585938
2022-06-30,18547.850242614746
2022-07-01,18928.000140190125
2022-07-02,17727.690088272095
2022-07-03,17727.690088272095
2022-07-04,17727.690088272095
2022-07-05,17727.690088272095
2022-07-06,17476.440415382385
2022-07-07,17827.459805488586
2022-07-08,17785.929834365845
2022-07-09,17693.189643859863
2022-07-10,17693.189643859863
2022-07-11,17693.189643859863
2022-07-12,17249.290108680725
2022-07-13,17358.129648208618
2022-07-14,16836.55009841919
2022-07-15,17064.400040626526
2022-07-16,17292.859996795654
2022-07-17,17292.859996795654
2022-07-18,17292.859996795654
2022-07-19,17752.489985466003
2022-07-20,17851.530201911926
2022-07-21,17790.030075073242
2022-07-22,17653.320236206055
2022-07-23,17961.490558624268
2022-07-24,17961.490558624268
2022-07-25,17961.490558624268
2022-07-26,17881.139544487
2022-07-27,18346.5900554657
2022-07-28,18637.47988510132
2022-07-29,19039.320326805115
2022-07-30,18834.18997478485
2022-07-31,18834.18997478485
2022-08-01,18834.18997478485
2022-08-02,18709.840119361877
2022-08-03,18390.370240211487
2022-08-04,18193.24011039734
2022-08-05,18422.629724502563
2022-08-06,18645.62048816681
2022-08-07,18645.62048816681
2022-08-08,18645.62048816681
2022-08-09,18756.490054130554
2022-08-10,18926.379662513733
2022-08-11,19257.710008621216
2022-08-12,19534.249521255493
2022-08-13,19344.040064811707
2022-08-14,19344.040064811707
2022-08-15,19344.040064811707
2022-08-16,19431.81032180786
2022-08-17,19338.510144233704
2022-08-18,19858.859976768494
2022-08-19,19866.87986946106
2022-08-20,19741.910047531128
2022-08-21,19741.910047531128
2022-08-22,19741.910047531128
2022-08-23,20004.580012321472
2022-08-24,20297.489926338196
2022-08-25,20435.13010406494
2022-08-26,19965.639793395996
2022-08-27,20132.689831733704
2022-08-28,20132.689831733704
2022-08-29,20132.689831733704
2022-08-30,19605.339871406555
2022-08-31,19494.710215568542
2022-09-01,19226.689562797546
2022-09-02,19587.91987133026
2022-09-03,19565.749866485596
2022-09-04,19565.749866485596
2022-09-05,19565.749866485596
2022-09-06,19565.749866485596
2022-09-07,19776.750358581543
2022-09-08,19867.880007743835
2022-09-09,20370.43974018097
2022-09-10,20666.409902572632
2022-09-11,20666.409902572632
2022-09-12,20666.409902572632
2022-09-13,20013.75044822693
2022-09-14,20362.48024368286
2022-09-15,19858.799984931946
2022-09-16,19667.21985244751
2022-09-17,20261.96984577179
2022-09-18,20261.96984577179
2022-09-19,20261.96984577179
2022-09-20,19859.959832191467
2022-09-21,19696.61957168579
2022-09-22,19628.26994037628
2022-09-23,18593.860052108765
2022-09-24,18057.76983642578
2022-09-25,18057.76983642578
2022-09-26,18057.76983642578
2022-09-27,17983.349497795105
2022-09-28,18841.120012283325
2022-09-29,18780.259781837463
2022-09-30,18860.00031375885
2022-10-01,19878.539874076843
2022-10-02,19878.539874076843
2022-10-03,19878.539874076843
2022-10-04,20412.71039581299
2022-10-05,20189.270157814026
2022-10-06,20046.110204696655
2022-10-07,19745.589758872986
2022-10-08,19426.650032043457
2022-10-09,19426.650032043457
2022-10-10,19426.650032043457
2022-10-11,19308.480215072632
2022-10-12,19076.059948921204
2022-10-13,19311.729641914368
2022-10-14,18531.11985206604
2022-10-15,18791.609992980957
2022-10-16,18791.609992980957
2022-10-17,18791.609992980957
2022-10-18,19032.170105934143
2022-10-19,19241.04060459137
2022-10-20,19263.16010951996
2022-10-21,19825.23984527588
2022-10-22,19829.18016433716
2022-10-23,19829.18016433716
2022-10-24,19829.18016433716
2022-10-25,19836.85991191864
2022-10-26,20192.39018726349
2022-10-27,20249.619767189026
2022-10-28,20280.710249900818
2022-10-29,20364.94054031372
2022-10-30,20364.94054031372
2022-10-31,20364.94054031372
2022-11-01,20507.009733200073
2022-11-02,20125.559456825256
2022-11-03,20224.510501861572
2022-11-04,21217.269656181335
2022-11-05,21282.170590400696
2022-11-06,21282.170590400696
2022-11-07,21282.170590400696
2022-11-08,21910.749223709106
2022-11-09,21121.730222702026
2022-11-10,21761.34994316101
2022-11-11,22134.609701156616
2022-11-12,21993.90926170349
2022-11-13,21993.90926170349
2022-11-14,21993.90926170349
2022-11-15,21993.089988708496
2022-11-16,21770.530109405518
2022-11-17,21628.980339050293
2022-11-18,21588.43999671936
2022-11-19,21484.87047958374
2022-11-20,21484.87047958374
2022-11-21,21484.87047958374
2022-11-22,22074.1102809906
2022-11-23,22025.099367141724
2022-11-24,21963.820095062256
2022-11-25,21963.820095062256
2022-11-26,21324.3397397995
2022-11-27,21324.3397397995
2022-11-28,21324.3397397995
2022-11-29,1449.0
