,Financial_Fund_Value
2019-02-12,8510.2001953125
2019-02-13,8549.000244140625
2019-02-14,8467.60009765625
2019-02-15,8639.000244140625
2019-02-16,8621.400146484375
2019-02-17,8621.400146484375
2019-02-18,8621.400146484375
2019-02-19,8621.400146484375
2019-02-20,8744.400024414062
2019-02-21,8700.399780273438
2019-02-22,8734.400024414062
2019-02-23,8778.599853515625
2019-02-24,8778.599853515625
2019-02-25,8778.599853515625
2019-02-26,8810.599975585938
2019-02-27,8840.2001953125
2019-02-28,8864.400024414062
2019-03-01,8875.399780273438
2019-03-02,8746.599731445312
2019-03-03,8746.599731445312
2019-03-04,8746.599731445312
2019-03-05,8650.399780273438
2019-03-06,8597.19970703125
2019-03-07,8463.800048828125
2019-03-08,8426.199951171875
2019-03-09,8562.000122070312
2019-03-10,8562.000122070312
2019-03-11,8562.000122070312
2019-03-12,8556.799926757812
2019-03-13,8636.799926757812
2019-03-14,8672.60009765625
2019-03-15,8670.999755859375
2019-03-16,8809.600219726562
2019-03-17,8809.600219726562
2019-03-18,8809.600219726562
2019-03-19,8691.400146484375
2019-03-20,8598.400268554688
2019-03-21,8607.19970703125
2019-03-22,8347.19970703125
2019-03-23,8308.200073242188
2019-03-24,8308.200073242188
2019-03-25,8308.200073242188
2019-03-26,8453.400268554688
2019-03-27,8392.80029296875
2019-03-28,8499.400024414062
2019-03-29,8547.39990234375
2019-03-30,8767.80029296875
2019-03-31,8767.80029296875
2019-04-01,8767.80029296875
2019-04-02,8729.000244140625
2019-04-03,8781.400146484375
2019-04-04,8836.799926757812
2019-04-05,8902.000122070312
2019-04-06,8922.80029296875
2019-04-07,8922.80029296875
2019-04-08,8922.80029296875
2019-04-09,8796.199951171875
2019-04-10,8855.2001953125
2019-04-11,8922.19970703125
2019-04-12,9087.000122070312
2019-04-13,9037.19970703125
2019-04-14,9037.19970703125
2019-04-15,9037.19970703125
2019-04-16,9330.800170898438
2019-04-17,9349.7998046875
2019-04-18,9313.800048828125
2019-04-19,9280.399780273438
2019-04-20,9280.399780273438
2019-04-21,9280.399780273438
2019-04-22,9280.399780273438
2019-04-23,9480.599975585938
2019-04-24,9603.400268554688
2019-04-25,9489.000244140625
2019-04-26,9579.600219726562
2019-04-27,9596.799926757812
2019-04-28,9596.799926757812
2019-04-29,9596.799926757812
2019-04-30,9704.7998046875
2019-05-01,9582.60009765625
2019-05-02,9528.200073242188
2019-05-03,9650.0
2019-05-04,9527.39990234375
2019-05-05,9527.39990234375
2019-05-06,9527.39990234375
2019-05-07,9275.399780273438
2019-05-08,9309.400024414062
2019-05-09,9284.400024414062
2019-05-10,9260.0
2019-05-11,8855.599975585938
2019-05-12,8855.599975585938
2019-05-13,8855.599975585938
2019-05-14,8917.19970703125
2019-05-15,8887.19970703125
2019-05-16,8944.7998046875
2019-05-17,8831.199951171875
2019-05-18,8761.799926757812
2019-05-19,8761.799926757812
2019-05-20,8761.799926757812
2019-05-21,8833.200073242188
2019-05-22,8782.80029296875
2019-05-23,8677.80029296875
2019-05-24,8715.2001953125
2019-05-25,8586.199951171875
2019-05-26,8586.199951171875
2019-05-27,8586.199951171875
2019-05-28,8586.199951171875
2019-05-29,8558.599853515625
2019-05-30,8531.799926757812
2019-05-31,8311.199951171875
2019-06-01,8397.999877929688
2019-06-02,8397.999877929688
2019-06-03,8397.999877929688
2019-06-04,8690.599975585938
2019-06-05,8762.999877929688
2019-06-06,8784.600219726562
2019-06-07,8882.19970703125
2019-06-08,8876.199951171875
2019-06-09,8876.199951171875
2019-06-10,8876.199951171875
2019-06-11,8862.39990234375
2019-06-12,8925.0
2019-06-13,8965.599975585938
2019-06-14,8939.400024414062
2019-06-15,8802.39990234375
2019-06-16,8802.39990234375
2019-06-17,8802.39990234375
2019-06-18,8986.199951171875
2019-06-19,9099.000244140625
2019-06-20,9311.599731445312
2019-06-21,9364.7998046875
2019-06-22,9267.999877929688
2019-06-23,9267.999877929688
2019-06-24,9267.999877929688
2019-06-25,9167.19970703125
2019-06-26,9219.199829101562
2019-06-27,9289.600219726562
2019-06-28,9385.999755859375
2019-06-29,9458.599853515625
2019-06-30,9458.599853515625
2019-07-01,9458.599853515625
2019-07-02,9397.39990234375
2019-07-03,9507.000122070312
2019-07-04,9573.800048828125
2019-07-05,9573.800048828125
2019-07-06,9448.800048828125
2019-07-07,9448.800048828125
2019-07-08,9448.800048828125
2019-07-09,9476.400146484375
2019-07-10,9510.800170898438
2019-07-11,9601.400146484375
2019-07-12,9649.199829101562
2019-07-13,9634.000244140625
2019-07-14,9634.000244140625
2019-07-15,9634.000244140625
2019-07-16,9543.400268554688
2019-07-17,9420.0
2019-07-18,9502.80029296875
2019-07-19,9464.7998046875
2019-07-20,9470.999755859375
2019-07-21,9470.999755859375
2019-07-22,9470.999755859375
2019-07-23,9549.199829101562
2019-07-24,9542.999877929688
2019-07-25,9477.39990234375
2019-07-26,9563.400268554688
2019-07-27,9566.199951171875
2019-07-28,9566.199951171875
2019-07-29,9566.199951171875
2019-07-30,9568.200073242188
2019-07-31,9353.599853515625
2019-08-01,9039.000244140625
2019-08-02,8964.400024414062
2019-08-03,8626.400146484375
2019-08-04,8626.400146484375
2019-08-05,8626.400146484375
2019-08-06,8714.199829101562
2019-08-07,8607.80029296875
2019-08-08,8752.39990234375
2019-08-09,8526.599731445312
2019-08-10,8328.800048828125
2019-08-11,8328.800048828125
2019-08-12,8328.800048828125
2019-08-13,8506.599731445312
2019-08-14,8227.39990234375
2019-08-15,8185.999755859375
2019-08-16,8389.199829101562
2019-08-17,8511.199951171875
2019-08-18,8511.199951171875
2019-08-19,8511.199951171875
2019-08-20,8365.800170898438
2019-08-21,8418.599853515625
2019-08-22,8380.0
2019-08-23,8145.0
2019-08-24,8109.4000244140625
2019-08-25,8109.4000244140625
2019-08-26,8109.4000244140625
2019-08-27,8210.2001953125
2019-08-28,8276.799926757812
2019-08-29,8440.800170898438
2019-08-30,8451.199951171875
2019-08-31,8316.400146484375
2019-09-01,8316.400146484375
2019-09-02,8316.400146484375
2019-09-03,8316.400146484375
2019-09-04,8312.80029296875
2019-09-05,8494.400024414062
2019-09-06,8476.599731445312
2019-09-07,8617.000122070312
2019-09-08,8617.000122070312
2019-09-09,8617.000122070312
2019-09-10,8566.799926757812
2019-09-11,8656.599731445312
2019-09-12,8695.0
2019-09-13,8859.199829101562
2019-09-14,8714.199829101562
2019-09-15,8714.199829101562
2019-09-16,8714.199829101562
2019-09-17,8783.599853515625
2019-09-18,8863.200073242188
2019-09-19,8879.600219726562
2019-09-20,8887.80029296875
2019-09-21,8924.000244140625
2019-09-22,8924.000244140625
2019-09-23,8924.000244140625
2019-09-24,8842.39990234375
2019-09-25,8903.800048828125
2019-09-26,8920.0
2019-09-27,8922.60009765625
2019-09-28,8912.80029296875
2019-09-29,8912.80029296875
2019-09-30,8912.80029296875
2019-10-01,8673.800048828125
2019-10-02,8407.19970703125
2019-10-03,8392.19970703125
2019-10-04,8548.800048828125
2019-10-05,8463.400268554688
2019-10-06,8463.400268554688
2019-10-07,8463.400268554688
2019-10-08,8263.200073242188
2019-10-09,8343.400268554688
2019-10-10,8407.60009765625
2019-10-11,8680.0
2019-10-12,8684.199829101562
2019-10-13,8684.199829101562
2019-10-14,8684.199829101562
2019-10-15,8889.000244140625
2019-10-16,8927.999877929688
2019-10-17,9013.400268554688
2019-10-18,8900.800170898438
2019-10-19,9072.999877929688
2019-10-20,9072.999877929688
2019-10-21,9072.999877929688
2019-10-22,9006.400146484375
2019-10-23,9141.199951171875
2019-10-24,9093.200073242188
2019-10-25,9195.999755859375
2019-10-26,9331.199951171875
2019-10-27,9331.199951171875
2019-10-28,9331.199951171875
2019-10-29,9323.200073242188
2019-10-30,9338.800048828125
2019-10-31,9234.000244140625
2019-11-01,9383.400268554688
2019-11-02,9530.599975585938
2019-11-03,9530.599975585938
2019-11-04,9530.599975585938
2019-11-05,9648.800048828125
2019-11-06,9790.800170898438
2019-11-07,9803.200073242188
2019-11-08,9804.199829101562
2019-11-09,9735.800170898438
2019-11-10,9735.800170898438
2019-11-11,9735.800170898438
2019-11-12,9735.800170898438
2019-11-13,9711.400146484375
2019-11-14,9691.799926757812
2019-11-15,9819.199829101562
2019-11-16,9834.7998046875
2019-11-17,9834.7998046875
2019-11-18,9834.7998046875
2019-11-19,9855.999755859375
2019-11-20,9776.199951171875
2019-11-21,9699.600219726562
2019-11-22,9700.0
2019-11-23,9837.19970703125
2019-11-24,9837.19970703125
2019-11-25,9837.19970703125
2019-11-26,9817.80029296875
2019-11-27,9884.199829101562
2019-11-28,9898.200073242188
2019-11-29,9898.200073242188
2019-11-30,9794.000244140625
2019-12-01,9794.000244140625
2019-12-02,9794.000244140625
2019-12-03,9715.2001953125
2019-12-04,9733.800048828125
2019-12-05,9805.999755859375
2019-12-06,9915.2001953125
2019-12-07,9941.400146484375
2019-12-08,9941.400146484375
2019-12-09,9941.400146484375
2019-12-10,9880.599975585938
2019-12-11,9878.200073242188
2019-12-12,10042.39990234375
2019-12-13,9972.19970703125
2019-12-14,10040.999755859375
2019-12-15,10040.999755859375
2019-12-16,10040.999755859375
2019-12-17,10045.800170898438
2019-12-18,9989.7998046875
2019-12-19,10046.799926757812
2019-12-20,9991.799926757812
2019-12-21,9993.200073242188
2019-12-22,9993.200073242188
2019-12-23,9993.200073242188
2019-12-24,9992.80029296875
2019-12-25,10064.7998046875
2019-12-26,10064.7998046875
2019-12-27,10060.2001953125
2019-12-28,10016.799926757812
2019-12-29,10016.799926757812
2019-12-30,10016.799926757812
2019-12-31,10054.000244140625
2020-01-01,10179.600219726562
2020-01-02,10179.600219726562
2020-01-03,10071.400146484375
2020-01-04,10080.0
2020-01-05,10080.0
2020-01-06,10080.0
2020-01-07,10144.400024414062
2020-01-08,10142.000122070312
2020-01-09,10261.99951171875
2020-01-10,10243.599853515625
2020-01-11,10462.19970703125
2020-01-12,10462.19970703125
2020-01-13,10462.19970703125
2020-01-14,10366.400146484375
2020-01-15,10605.2001953125
2020-01-16,10700.0
2020-01-17,10704.7998046875
2020-01-18,10582.80029296875
2020-01-19,10582.80029296875
2020-01-20,10582.80029296875
2020-01-21,10582.80029296875
2020-01-22,10737.19970703125
2020-01-23,10838.800048828125
2020-01-24,10736.800537109375
2020-01-25,10476.199951171875
2020-01-26,10476.199951171875
2020-01-27,10476.199951171875
2020-01-28,10599.3994140625
2020-01-29,10729.7998046875
2020-01-30,10793.800048828125
2020-01-31,10546.99951171875
2020-02-01,10601.600341796875
2020-02-02,10601.600341796875
2020-02-03,10601.600341796875
2020-02-04,10704.7998046875
2020-02-05,10869.599609375
2020-02-06,11093.399658203125
2020-02-07,11114.7998046875
2020-02-08,11221.99951171875
2020-02-09,11221.99951171875
2020-02-10,11221.99951171875
2020-02-11,11408.800048828125
2020-02-12,11449.599609375
2020-02-13,11370.999755859375
2020-02-14,11318.800048828125
2020-02-15,11296.199951171875
2020-02-16,11296.199951171875
2020-02-17,11296.199951171875
2020-02-18,11296.199951171875
2020-02-19,11441.400146484375
2020-02-20,11338.399658203125
2020-02-21,11140.0
2020-02-22,10560.0
2020-02-23,10560.0
2020-02-24,10560.0
2020-02-25,10120.0
2020-02-26,10169.400024414062
2020-02-27,9516.400146484375
2020-02-28,9260.2001953125
2020-02-29,9758.800048828125
2020-03-01,9758.800048828125
2020-03-02,9758.800048828125
2020-03-03,9641.400146484375
2020-03-04,9906.199951171875
2020-03-05,9449.400024414062
2020-03-06,9008.200073242188
2020-03-07,8380.2001953125
2020-03-08,8380.2001953125
2020-03-09,8380.2001953125
2020-03-10,9180.0
2020-03-11,8619.400024414062
2020-03-12,7724.4000244140625
2020-03-13,8275.599975585938
2020-03-14,7145.5999755859375
2020-03-15,7145.5999755859375
2020-03-16,7145.5999755859375
2020-03-17,7735.2001953125
2020-03-18,7467.19970703125
2020-03-19,7947.19970703125
2020-03-20,7094.4000244140625
2020-03-21,6548.4002685546875
2020-03-22,6548.4002685546875
2020-03-23,6548.4002685546875
2020-03-24,7434.000244140625
2020-03-25,8027.60009765625
2020-03-26,9037.999877929688
2020-03-27,8686.799926757812
2020-03-28,9107.000122070312
2020-03-29,9107.000122070312
2020-03-30,9107.000122070312
2020-03-31,8799.400024414062
2020-04-01,8190.8001708984375
2020-04-02,8530.599975585938
2020-04-03,8361.400146484375
2020-04-04,8990.399780273438
2020-04-05,8990.399780273438
2020-04-06,8990.399780273438
2020-04-07,8862.39990234375
2020-04-08,9019.400024414062
2020-04-09,9428.400268554688
2020-04-10,9047.80029296875
2020-04-11,9047.80029296875
2020-04-12,9047.80029296875
2020-04-13,9047.80029296875
2020-04-14,9160.599975585938
2020-04-15,8861.400146484375
2020-04-16,9179.7998046875
2020-04-17,9537.39990234375
2020-04-18,9415.999755859375
2020-04-19,9415.999755859375
2020-04-20,9415.999755859375
2020-04-21,9487.39990234375
2020-04-22,9620.0
2020-04-23,9424.000244140625
2020-04-24,9502.80029296875
2020-04-25,9932.999877929688
2020-04-26,9932.999877929688
2020-04-27,9932.999877929688
2020-04-28,9955.399780273438
2020-04-29,10227.80029296875
2020-04-30,10040.800170898438
2020-05-01,9683.200073242188
2020-05-02,9630.2001953125
2020-05-03,9630.2001953125
2020-05-04,9630.2001953125
2020-05-05,9709.7998046875
2020-05-06,9667.999877929688
2020-05-07,9947.80029296875
2020-05-08,9975.599975585938
2020-05-09,9862.19970703125
2020-05-10,9862.19970703125
2020-05-11,9862.19970703125
2020-05-12,9088.800048828125
2020-05-13,9715.999755859375
2020-05-14,9964.000244140625
2020-05-15,10274.599609375
2020-05-16,10328.599853515625
2020-05-17,10328.599853515625
2020-05-18,10328.599853515625
2020-05-19,10024.000244140625
2020-05-20,10174.7998046875
2020-05-21,10170.2001953125
2020-05-22,10265.999755859375
2020-05-23,10472.60009765625
2020-05-24,10472.60009765625
2020-05-25,10472.60009765625
2020-05-26,10472.60009765625
2020-05-27,10728.00048828125
2020-05-28,10736.800537109375
2020-05-29,10572.80029296875
2020-05-30,10764.599609375
2020-05-31,10764.599609375
2020-06-01,10764.599609375
2020-06-02,10826.800537109375
2020-06-03,10954.200439453125
2020-06-04,10923.800048828125
2020-06-05,11130.6005859375
2020-06-06,11146.600341796875
2020-06-07,11146.600341796875
2020-06-08,11146.600341796875
2020-06-09,11161.199951171875
2020-06-10,11161.199951171875
2020-06-11,10504.200439453125
2020-06-12,10540.799560546875
2020-06-13,10860.6005859375
2020-06-14,10860.6005859375
2020-06-15,10860.6005859375
2020-06-16,11008.00048828125
2020-06-17,11104.599609375
2020-06-18,11135.400390625
2020-06-19,11107.39990234375
2020-06-20,11064.200439453125
2020-06-21,11064.200439453125
2020-06-22,11064.200439453125
2020-06-23,11093.00048828125
2020-06-24,10771.400146484375
2020-06-25,10939.3994140625
2020-06-26,10696.99951171875
2020-06-27,10657.39990234375
2020-06-28,10657.39990234375
2020-06-29,10657.39990234375
2020-06-30,10881.800537109375
2020-07-01,10886.400146484375
2020-07-02,11035.400390625
2020-07-03,11150.999755859375
2020-07-04,11150.999755859375
2020-07-05,11150.999755859375
2020-07-06,11150.999755859375
2020-07-07,10984.599609375
2020-07-08,11152.19970703125
2020-07-09,10988.800048828125
2020-07-10,11081.600341796875
2020-07-11,11051.199951171875
2020-07-12,11051.199951171875
2020-07-13,11051.199951171875
2020-07-14,11226.600341796875
2020-07-15,11371.800537109375
2020-07-16,11339.200439453125
2020-07-17,11754.3994140625
2020-07-18,11591.99951171875
2020-07-19,11591.99951171875
2020-07-20,11591.99951171875
2020-07-21,11600.0
2020-07-22,11650.799560546875
2020-07-23,11563.00048828125
2020-07-24,11412.39990234375
2020-07-25,11506.600341796875
2020-07-26,11506.600341796875
2020-07-27,11506.600341796875
2020-07-28,11414.000244140625
2020-07-29,11551.99951171875
2020-07-30,11461.800537109375
2020-07-31,11500.2001953125
2020-08-01,11599.000244140625
2020-08-02,11599.000244140625
2020-08-03,11599.000244140625
2020-08-04,11420.799560546875
2020-08-05,11643.00048828125
2020-08-06,11644.599609375
2020-08-07,11763.800048828125
2020-08-08,11604.000244140625
2020-08-09,11604.000244140625
2020-08-10,11604.000244140625
2020-08-11,11732.80029296875
2020-08-12,11804.7998046875
2020-08-13,11791.199951171875
2020-08-14,11769.200439453125
2020-08-15,11840.6005859375
2020-08-16,11840.6005859375
2020-08-17,11840.6005859375
2020-08-18,11784.200439453125
2020-08-19,11795.0
2020-08-20,11667.19970703125
2020-08-21,11680.799560546875
2020-08-22,11829.000244140625
2020-08-23,11829.000244140625
2020-08-24,11829.000244140625
2020-08-25,11823.00048828125
2020-08-26,11841.99951171875
2020-08-27,11899.599609375
2020-08-28,12021.199951171875
2020-08-29,11883.800048828125
2020-08-30,11883.800048828125
2020-08-31,11883.800048828125
2020-09-01,11924.7998046875
2020-09-02,12160.0
2020-09-03,11582.39990234375
2020-09-04,11292.60009765625
2020-09-05,11050.799560546875
2020-09-06,11050.799560546875
2020-09-07,11050.799560546875
2020-09-08,11050.799560546875
2020-09-09,11203.599853515625
2020-09-10,10866.199951171875
2020-09-11,10824.000244140625
2020-09-12,10947.60009765625
2020-09-13,10947.60009765625
2020-09-14,10947.60009765625
2020-09-15,10963.199462890625
2020-09-16,11234.599609375
2020-09-17,10968.199462890625
2020-09-18,11138.399658203125
2020-09-19,11051.800537109375
2020-09-20,11051.800537109375
2020-09-21,11051.800537109375
2020-09-22,11015.999755859375
2020-09-23,10770.799560546875
2020-09-24,10700.999755859375
2020-09-25,10956.199951171875
2020-09-26,11173.00048828125
2020-09-27,11173.00048828125
2020-09-28,11173.00048828125
2020-09-29,11095.999755859375
2020-09-30,11270.999755859375
2020-10-01,11358.199462890625
2020-10-02,11402.39990234375
2020-10-03,11619.599609375
2020-10-04,11619.599609375
2020-10-05,11619.599609375
2020-10-06,11604.599609375
2020-10-07,11840.999755859375
2020-10-08,12088.800048828125
2020-10-09,12231.400146484375
2020-10-10,12297.80029296875
2020-10-11,12297.80029296875
2020-10-12,12297.80029296875
2020-10-13,12779.200439453125
2020-10-14,12796.99951171875
2020-10-15,12924.7998046875
2020-10-16,13147.60009765625
2020-10-17,12697.80029296875
2020-10-18,12697.80029296875
2020-10-19,12697.80029296875
2020-10-20,12901.400146484375
2020-10-21,12699.7998046875
2020-10-22,12703.599853515625
2020-10-23,12746.199951171875
2020-10-24,12443.800048828125
2020-10-25,12443.800048828125
2020-10-26,12443.800048828125
2020-10-27,12290.6005859375
2020-10-28,12014.200439453125
2020-10-29,12046.600341796875
2020-10-30,11984.200439453125
2020-10-31,12297.39990234375
2020-11-01,12297.39990234375
2020-11-02,12297.39990234375
2020-11-03,12585.2001953125
2020-11-04,13031.99951171875
2020-11-05,13363.800048828125
2020-11-06,13098.00048828125
2020-11-07,13320.400390625
2020-11-08,13320.400390625
2020-11-09,13320.400390625
2020-11-10,13211.99951171875
2020-11-11,13412.39990234375
2020-11-12,13195.799560546875
2020-11-13,13395.400390625
2020-11-14,13528.599853515625
2020-11-15,13528.599853515625
2020-11-16,13528.599853515625
2020-11-17,13349.7998046875
2020-11-18,13397.80029296875
2020-11-19,13469.599609375
2020-11-20,13454.200439453125
2020-11-21,13657.39990234375
2020-11-22,13657.39990234375
2020-11-23,13657.39990234375
2020-11-24,13985.999755859375
2020-11-25,14072.19970703125
2020-11-26,14302.19970703125
2020-11-27,14302.19970703125
2020-11-28,13966.99951171875
2020-11-29,13966.99951171875
2020-11-30,13966.99951171875
2020-12-01,14304.599609375
2020-12-02,14367.19970703125
2020-12-03,14308.399658203125
2020-12-04,14069.3994140625
2020-12-05,14189.7998046875
2020-12-06,14189.7998046875
2020-12-07,14189.7998046875
2020-12-08,14278.399658203125
2020-12-09,14033.599853515625
2020-12-10,13968.199462890625
2020-12-11,13904.000244140625
2020-12-12,13678.399658203125
2020-12-13,13678.399658203125
2020-12-14,13678.399658203125
2020-12-15,13963.599853515625
2020-12-16,13967.39990234375
2020-12-17,14120.2001953125
2020-12-18,13975.999755859375
2020-12-19,13976.600341796875
2020-12-20,13976.600341796875
2020-12-21,13976.600341796875
2020-12-22,13870.400390625
2020-12-23,14072.80029296875
2020-12-24,14143.599853515625
2020-12-25,14203.599853515625
2020-12-26,14203.599853515625
2020-12-27,14203.599853515625
2020-12-28,14203.599853515625
2020-12-29,14125.6005859375
2020-12-30,14178.800048828125
2020-12-31,14430.799560546875
2021-01-01,14216.400146484375
2021-01-02,14216.400146484375
2021-01-03,14216.400146484375
2021-01-04,14216.400146484375
2021-01-05,14291.600341796875
2021-01-06,14699.200439453125
2021-01-07,15008.399658203125
2021-01-08,15129.000244140625
2021-01-09,15333.599853515625
2021-01-10,15333.599853515625
2021-01-11,15333.599853515625
2021-01-12,15554.7998046875
2021-01-13,15595.0
2021-01-14,14870.0
2021-01-15,14555.2001953125
2021-01-16,14673.00048828125
2021-01-17,14673.00048828125
2021-01-18,14673.00048828125
2021-01-19,14673.00048828125
2021-01-20,14830.799560546875
2021-01-21,14844.000244140625
2021-01-22,14700.999755859375
2021-01-23,14459.599609375
2021-01-24,14459.599609375
2021-01-25,14459.599609375
2021-01-26,14436.99951171875
2021-01-27,13955.799560546875
2021-01-28,14398.199462890625
2021-01-29,14025.2001953125
2021-01-30,14263.399658203125
2021-01-31,14263.399658203125
2021-02-01,14263.399658203125
2021-02-02,14590.0
2021-02-03,14481.600341796875
2021-02-04,14649.000244140625
2021-02-05,14526.600341796875
2021-02-06,14529.000244140625
2021-02-07,14529.000244140625
2021-02-08,14529.000244140625
2021-02-09,14575.999755859375
2021-02-10,14463.399658203125
2021-02-11,14428.599853515625
2021-02-12,14459.599609375
2021-02-13,14606.199951171875
2021-02-14,14606.199951171875
2021-02-15,14606.199951171875
2021-02-16,14606.199951171875
2021-02-17,14427.80029296875
2021-02-18,14070.6005859375
2021-02-19,14202.19970703125
2021-02-20,14062.80029296875
2021-02-21,14062.80029296875
2021-02-22,14062.80029296875
2021-02-23,14063.199462890625
2021-02-24,14241.99951171875
2021-02-25,13895.799560546875
2021-02-26,13890.0
2021-02-27,14384.000244140625
2021-02-28,14384.000244140625
2021-03-01,14384.000244140625
2021-03-02,14326.199951171875
2021-03-03,14029.7998046875
2021-03-04,13664.200439453125
2021-03-05,14045.6005859375
2021-03-06,13979.200439453125
2021-03-07,13979.200439453125
2021-03-08,13979.200439453125
2021-03-09,14440.0
2021-03-10,14570.0
2021-03-11,14442.39990234375
2021-03-12,14323.800048828125
2021-03-13,14380.2001953125
2021-03-14,14380.2001953125
2021-03-15,14380.2001953125
2021-03-16,14461.400146484375
2021-03-17,14564.3994140625
2021-03-18,14474.599609375
2021-03-19,14592.80029296875
2021-03-20,14618.399658203125
2021-03-21,14618.399658203125
2021-03-22,14618.399658203125
2021-03-23,14331.400146484375
2021-03-24,14455.0
2021-03-25,14550.0
2021-03-26,15138.00048828125
2021-03-27,15157.19970703125
2021-03-28,15157.19970703125
2021-03-29,15157.19970703125
2021-03-30,14985.2001953125
2021-03-31,15079.200439453125
2021-04-01,15336.600341796875
2021-04-02,15680.400390625
2021-04-03,15680.400390625
2021-04-04,15680.400390625
2021-04-05,15680.400390625
2021-04-06,15634.200439453125
2021-04-07,15760.0
2021-04-08,16011.99951171875
2021-04-09,16166.99951171875
2021-04-10,16159.599609375
2021-04-11,16159.599609375
2021-04-12,16159.599609375
2021-04-13,16049.7998046875
2021-04-14,16021.400146484375
2021-04-15,16356.800537109375
2021-04-16,16229.000244140625
2021-04-17,16221.800537109375
2021-04-18,16221.800537109375
2021-04-19,16221.800537109375
2021-04-20,16099.200439453125
2021-04-21,16230.6005859375
2021-04-22,15906.400146484375
2021-04-23,16263.399658203125
2021-04-24,16366.400146484375
2021-04-25,16366.400146484375
2021-04-26,16366.400146484375
2021-04-27,16410.2001953125
2021-04-28,16325.6005859375
2021-04-29,16546.400146484375
2021-04-30,16385.999755859375
2021-05-01,16512.39990234375
2021-05-02,16512.39990234375
2021-05-03,16512.39990234375
2021-05-04,16728.599853515625
2021-05-05,17020.2001953125
2021-05-06,17341.99951171875
2021-05-07,17476.600341796875
2021-05-08,17149.000244140625
2021-05-09,17149.000244140625
2021-05-10,17149.000244140625
2021-05-11,16881.99951171875
2021-05-12,16470.0
2021-05-13,16779.7998046875
2021-05-14,17137.39990234375
2021-05-15,16989.200439453125
2021-05-16,16989.200439453125
2021-05-17,16989.200439453125
2021-05-18,16802.80029296875
2021-05-19,16770.400390625
2021-05-20,16897.60009765625
2021-05-21,17215.400390625
2021-05-22,17447.19970703125
2021-05-23,17447.19970703125
2021-05-24,17447.19970703125
2021-05-25,17485.400390625
2021-05-26,17534.599609375
2021-05-27,17528.599853515625
2021-05-28,17540.799560546875
2021-05-29,17538.199462890625
2021-05-30,17538.199462890625
2021-05-31,17538.199462890625
2021-06-01,17538.199462890625
2021-06-02,17748.399658203125
2021-06-03,17620.2001953125
2021-06-04,17736.99951171875
2021-06-05,17699.200439453125
2021-06-06,17699.200439453125
2021-06-07,17699.200439453125
2021-06-08,17690.400390625
2021-06-09,17418.800048828125
2021-06-10,17348.800048828125
2021-06-11,17613.199462890625
2021-06-12,17535.6005859375
2021-06-13,17535.6005859375
2021-06-14,17535.6005859375
2021-06-15,17620.2001953125
2021-06-16,17386.99951171875
2021-06-17,17376.400146484375
2021-06-18,16815.6005859375
2021-06-19,17225.2001953125
2021-06-20,17225.2001953125
2021-06-21,17225.2001953125
2021-06-22,17295.2001953125
2021-06-23,17308.399658203125
2021-06-24,17346.800537109375
2021-06-25,17480.6005859375
2021-06-26,17574.7998046875
2021-06-27,17574.7998046875
2021-06-28,17574.7998046875
2021-06-29,17470.6005859375
2021-06-30,17499.3994140625
2021-07-01,17584.599609375
2021-07-02,17872.60009765625
2021-07-03,17853.599853515625
2021-07-04,17853.599853515625
2021-07-05,17853.599853515625
2021-07-06,17853.599853515625
2021-07-07,18018.800048828125
2021-07-08,17530.0
2021-07-09,18026.199951171875
2021-07-10,18318.399658203125
2021-07-11,18318.399658203125
2021-07-12,18318.399658203125
2021-07-13,18161.400146484375
2021-07-14,17606.400146484375
2021-07-15,17600.0
2021-07-16,17500.400390625
2021-07-17,16903.199462890625
2021-07-18,16903.199462890625
2021-07-19,16903.199462890625
2021-07-20,17576.800537109375
2021-07-21,17653.599853515625
2021-07-22,17337.19970703125
2021-07-23,17379.000244140625
2021-07-24,17429.7998046875
2021-07-25,17429.7998046875
2021-07-26,17429.7998046875
2021-07-27,17237.60009765625
2021-07-28,17214.200439453125
2021-07-29,17387.80029296875
2021-07-30,17343.399658203125
2021-07-31,17465.2001953125
2021-08-01,17465.2001953125
2021-08-02,17465.2001953125
2021-08-03,17604.200439453125
2021-08-04,17640.2001953125
2021-08-05,17785.6005859375
2021-08-06,17921.800537109375
2021-08-07,18039.3994140625
2021-08-08,18039.3994140625
2021-08-09,18039.3994140625
2021-08-10,18251.199951171875
2021-08-11,18341.800537109375
2021-08-12,18370.799560546875
2021-08-13,18337.19970703125
2021-08-14,18497.80029296875
2021-08-15,18497.80029296875
2021-08-16,18497.80029296875
2021-08-17,18192.39990234375
2021-08-18,18038.199462890625
2021-08-19,18075.6005859375
2021-08-20,18343.399658203125
2021-08-21,18557.19970703125
2021-08-22,18557.19970703125
2021-08-23,18557.19970703125
2021-08-24,18583.800048828125
2021-08-25,18790.400390625
2021-08-26,18717.60009765625
2021-08-27,19098.800048828125
2021-08-28,18961.600341796875
2021-08-29,18961.600341796875
2021-08-30,18961.600341796875
2021-08-31,18865.799560546875
2021-09-01,18876.400146484375
2021-09-02,19013.399658203125
2021-09-03,18745.6005859375
2021-09-04,18496.600341796875
2021-09-05,18496.600341796875
2021-09-06,18496.600341796875
2021-09-07,18496.600341796875
2021-09-08,18486.800537109375
2021-09-09,18442.80029296875
2021-09-10,18332.39990234375
2021-09-11,18325.2001953125
2021-09-12,18325.2001953125
2021-09-13,18325.2001953125
2021-09-14,18039.000244140625
2021-09-15,18193.00048828125
2021-09-16,17808.800048828125
2021-09-17,17532.60009765625
2021-09-18,17145.400390625
2021-09-19,17145.400390625
2021-09-20,17145.400390625
2021-09-21,16904.7998046875
2021-09-22,17020.999755859375
2021-09-23,17523.399658203125
2021-09-24,17492.39990234375
2021-09-25,17509.3994140625
2021-09-26,17509.3994140625
2021-09-27,17509.3994140625
2021-09-28,17211.400146484375
2021-09-29,17131.400146484375
2021-09-30,16773.199462890625
2021-10-01,16837.80029296875
2021-10-02,16511.199951171875
2021-10-03,16511.199951171875
2021-10-04,16511.199951171875
2021-10-05,16775.6005859375
2021-10-06,16750.999755859375
2021-10-07,16846.99951171875
2021-10-08,16888.00048828125
2021-10-09,16794.599609375
2021-10-10,16794.599609375
2021-10-11,16794.599609375
2021-10-12,16723.800048828125
2021-10-13,17356.199951171875
2021-10-14,17850.2001953125
2021-10-15,18145.2001953125
2021-10-16,17926.199951171875
2021-10-17,17926.199951171875
2021-10-18,27253.000122070312
2021-10-19,27472.9208984375
2021-10-20,27625.6396484375
2021-10-21,27566.3994140625
2021-10-22,27919.079345703125
2021-10-23,28067.43994140625
2021-10-24,28067.43994140625
2021-10-25,28067.43994140625
2021-10-26,28230.0
2021-10-27,27743.880493164062
2021-10-28,28249.759643554688
2021-10-29,28383.040405273438
2021-10-30,28233.399780273438
2021-10-31,28233.399780273438
2021-11-01,28233.399780273438
2021-11-02,28503.319580078125
2021-11-03,28583.68017578125
2021-11-04,28505.039184570312
2021-11-05,28512.999877929688
2021-11-06,28784.759765625
2021-11-07,28784.759765625
2021-11-08,28784.759765625
2021-11-09,28730.679931640625
2021-11-10,28570.920166015625
2021-11-11,28698.159545898438
2021-11-12,28773.959838867188
2021-11-13,28392.15966796875
2021-11-14,28392.15966796875
2021-11-15,28392.15966796875
2021-11-16,28239.160278320312
2021-11-17,40513.12013244629
2021-11-18,39928.20037841797
2021-11-19,39532.5206451416
2021-11-20,38840.20068359375
2021-11-21,38840.20068359375
2021-11-22,38840.20068359375
2021-11-23,38818.27946472168
2021-11-24,38962.159744262695
2021-11-25,38026.879333496094
2021-11-26,38026.879333496094
2021-11-27,38646.879943847656
2021-11-28,38646.879943847656
2021-11-29,38646.879943847656
2021-11-30,37306.680267333984
2021-12-01,36682.43994140625
2021-12-02,37262.76007080078
2021-12-03,35969.63951873779
2021-12-04,36334.960609436035
2021-12-05,36334.960609436035
2021-12-06,36334.960609436035
2021-12-07,37494.320571899414
2021-12-08,37640.96040344238
2021-12-09,36763.3606262207
2021-12-10,36459.12001037598
2021-12-11,35944.719314575195
2021-12-12,35944.719314575195
2021-12-13,35944.719314575195
2021-12-14,35646.88009643555
2021-12-15,36238.83950805664
2021-12-16,35975.9602355957
2021-12-17,35839.95960998535
2021-12-18,35320.43978881836
2021-12-19,35320.43978881836
2021-12-20,35320.43978881836
2021-12-21,35940.43985748291
2021-12-22,35999.999252319336
2021-12-23,36138.95944213867
2021-12-24,36542.36055755615
2021-12-25,36542.36055755615
2021-12-26,36542.36055755615
2021-12-27,36542.36055755615
2021-12-28,36230.24034118652
2021-12-29,35755.759437561035
2021-12-30,36720.07984161377
2021-12-31,36664.80054473877
2022-01-01,36697.79962158203
2022-01-02,36697.79962158203
2022-01-03,36697.79962158203
2022-01-04,36772.87963104248
2022-01-05,35467.08055114746
2022-01-06,35446.91988372803
2022-01-07,35450.36045837402
2022-01-08,34858.720878601074
2022-01-09,34858.720878601074
2022-01-10,34858.720878601074
2022-01-11,35507.24010467529
2022-01-12,35450.83963775635
2022-01-13,34626.4801940918
2022-01-14,33733.839363098145
2022-01-15,32347.120491027832
2022-01-16,32347.120491027832
2022-01-17,32347.120491027832
2022-01-18,32347.120491027832
2022-01-19,33076.07961273193
2022-01-20,33799.9599609375
2022-01-21,32476.87996673584
2022-01-22,31833.600090026855
2022-01-23,31833.600090026855
2022-01-24,31833.600090026855
2022-01-25,31832.6798248291
2022-01-26,31740.91926574707
2022-01-27,30712.560096740723
2022-01-28,31032.960556030273
2022-01-29,32268.400115966797
2022-01-30,32268.400115966797
2022-01-31,32268.400115966797
2022-02-01,32945.40017700195
2022-02-02,32142.840240478516
2022-02-03,31384.600036621094
2022-02-04,31873.760215759277
2022-02-05,31942.32022857666
2022-02-06,31942.32022857666
2022-02-07,31942.32022857666
2022-02-08,32159.000190734863
2022-02-09,32745.600135803223
2022-02-10,31731.00008392334
2022-02-11,31509.3194732666
2022-02-12,30945.640258789062
2022-02-13,30945.640258789062
2022-02-14,30945.640258789062
2022-02-15,31836.120071411133
2022-02-16,32196.399612426758
2022-02-17,31038.07977294922
2022-02-18,30474.240562438965
2022-02-19,29570.3194732666
2022-02-20,29570.3194732666
2022-02-21,29570.3194732666
2022-02-22,29570.3194732666
2022-02-23,28868.43975830078
2022-02-24,28928.599685668945
2022-02-25,29705.720016479492
2022-02-26,29688.60034942627
2022-02-27,29688.60034942627
2022-02-28,29688.60034942627
2022-03-01,28657.39966583252
2022-03-02,29508.479446411133
2022-03-03,28912.439811706543
2022-03-04,27458.2001953125
2022-03-05,26549.160453796387
2022-03-06,26549.160453796387
2022-03-07,26549.160453796387
2022-03-08,26274.200233459473
2022-03-09,27259.6400680542
2022-03-10,26974.160186767578
2022-03-11,26088.639640808105
2022-03-12,25998.12038040161
2022-03-13,25998.12038040161
2022-03-14,25998.12038040161
2022-03-15,26492.279304504395
2022-03-16,27514.599182128906
2022-03-17,28012.999420166016
2022-03-18,28539.4008102417
2022-03-19,28238.99981689453
2022-03-20,28238.99981689453
2022-03-21,28238.99981689453
2022-03-22,28756.119789123535
2022-03-23,28178.8803024292
2022-03-24,28326.240882873535
2022-03-25,28174.319595336914
2022-03-26,28436.31982421875
2022-03-27,28436.31982421875
2022-03-28,28436.31982421875
2022-03-29,29454.879600524902
2022-03-30,29279.43960571289
2022-03-31,28587.319953918457
2022-04-01,28570.560012817383
2022-04-02,29117.560089111328
2022-04-03,29117.560089111328
2022-04-04,29117.560089111328
2022-04-05,28227.63957977295
2022-04-06,27518.039916992188
2022-04-07,27190.840019226074
2022-04-08,26919.439750671387
2022-04-09,26647.59997177124
2022-04-10,26647.59997177124
2022-04-11,26647.59997177124
2022-04-12,26190.839977264404
2022-04-13,26009.60005569458
2022-04-14,25182.11994934082
2022-04-15,25071.760444641113
2022-04-16,25071.760444641113
2022-04-17,25071.760444641113
2022-04-18,25071.760444641113
2022-04-19,25820.11978149414
2022-04-20,25518.479988098145
2022-04-21,29794.820194244385
2022-04-22,28913.699947357178
2022-04-23,29125.60048675537
2022-04-24,29125.60048675537
2022-04-25,29125.60048675537
2022-04-26,28198.499519348145
2022-04-27,27844.340435028076
2022-04-28,28667.599235534668
2022-04-29,27573.079780578613
2022-04-30,27796.95948791504
2022-05-01,27796.95948791504
2022-05-02,27796.95948791504
2022-05-03,28204.399837493896
2022-05-04,29770.559520721436
2022-05-05,28562.199905395508
2022-05-06,28027.14009475708
2022-05-07,27022.69971847534
2022-05-08,27022.69971847534
2022-05-09,27022.69971847534
2022-05-10,26431.259536743164
2022-05-11,26311.299224853516
2022-05-12,26270.940383911133
2022-05-13,27431.440200805664
2022-05-14,27066.559539794922
2022-05-15,27066.559539794922
2022-05-16,27066.559539794922
2022-05-17,27840.379417419434
2022-05-18,27314.439449310303
2022-05-19,27508.320281982422
2022-05-20,27434.279693603516
2022-05-21,28110.420124053955
2022-05-22,28110.420124053955
2022-05-23,28110.420124053955
2022-05-24,27860.79934310913
2022-05-25,28385.57945251465
2022-05-26,29234.2000541687
2022-05-27,29924.120811462402
2022-05-28,30041.060024261475
2022-05-29,30041.060024261475
2022-05-30,30041.060024261475
2022-05-31,30041.060024261475
2022-06-01,29385.560386657715
2022-06-02,30310.139709472656
2022-06-03,29543.519969940186
2022-06-04,29549.680377960205
2022-06-05,29549.680377960205
2022-06-06,29549.680377960205
2022-06-07,29746.520069122314
2022-06-08,29048.159255981445
2022-06-09,28337.819339752197
2022-06-10,26734.079837799072
2022-06-11,25693.959400177002
2022-06-12,25693.959400177002
2022-06-13,25693.959400177002
2022-06-14,25624.239433288574
2022-06-15,26001.520740509033
2022-06-16,25109.740230560303
2022-06-17,25360.51993560791
2022-06-18,26177.43967819214
2022-06-19,26177.43967819214
2022-06-20,26177.43967819214
2022-06-21,26177.43967819214
2022-06-22,25944.520404815674
2022-06-23,26293.92039871216
2022-06-24,27368.66056060791
2022-06-25,26956.13928604126
2022-06-26,26956.13928604126
2022-06-27,26956.13928604126
2022-06-28,26491.33974838257
2022-06-29,26154.780433654785
2022-06-30,25621.319660186768
2022-07-01,26069.78042602539
2022-07-02,26339.85971069336
2022-07-03,26339.85971069336
2022-07-04,26339.85971069336
2022-07-05,26339.85971069336
2022-07-06,26203.199840545654
2022-07-07,26840.880462646484
2022-07-08,26718.17998123169
2022-07-09,26205.16017150879
2022-07-10,26205.16017150879
2022-07-11,26205.16017150879
2022-07-12,26208.979682922363
2022-07-13,25950.28034210205
2022-07-14,25537.619903564453
2022-07-15,26475.01979827881
2022-07-16,26441.760669708252
2022-07-17,26441.760669708252
2022-07-18,26441.760669708252
2022-07-19,27524.60031890869
2022-07-20,27902.43966293335
2022-07-21,27668.119911193848
2022-07-22,27271.360343933105
2022-07-23,27252.160438537598
2022-07-24,27252.160438537598
2022-07-25,27252.160438537598
2022-07-26,26625.439891815186
2022-07-27,27396.020099639893
2022-07-28,27587.11972808838
2022-07-29,27871.759853363037
2022-07-30,27932.800373077393
2022-07-31,27932.800373077393
2022-08-01,27932.800373077393
2022-08-02,27671.999542236328
2022-08-03,29426.87940979004
2022-08-04,29449.47998046875
2022-08-05,29475.8599319458
2022-08-06,29437.960201263428
2022-08-07,29437.960201263428
2022-08-08,29437.960201263428
2022-08-09,29104.43984603882
2022-08-10,30355.200511932373
2022-08-11,30310.26058959961
2022-08-12,31069.080181121826
2022-08-13,31117.02010345459
2022-08-14,31117.02010345459
2022-08-15,31117.02010345459
2022-08-16,31252.419998168945
2022-08-17,30415.279136657715
2022-08-18,30279.979328155518
2022-08-19,29208.499465942383
2022-08-20,28433.95958328247
2022-08-21,28433.95958328247
2022-08-22,28433.95958328247
2022-08-23,28505.8193359375
2022-08-24,28747.57968902588
2022-08-25,29332.759601593018
2022-08-26,27971.71971511841
2022-08-27,27766.060348510742
2022-08-28,27766.060348510742
2022-08-29,27766.060348510742
2022-08-30,27643.899642944336
2022-08-31,27469.26043701172
2022-09-01,27421.239612579346
2022-09-02,27153.21971130371
2022-09-03,27086.619945526123
2022-09-04,27086.619945526123
2022-09-05,27086.619945526123
2022-09-06,27086.619945526123
2022-09-07,27664.279705047607
2022-09-08,28438.09973526001
2022-09-09,28686.560150146484
2022-09-10,28872.86000061035
2022-09-11,28872.86000061035
2022-09-12,28872.86000061035
2022-09-13,27057.45960998535
2022-09-14,27236.420669555664
2022-09-15,27331.740753173828
2022-09-16,26959.500175476074
2022-09-17,27250.69969177246
2022-09-18,27250.69969177246
2022-09-19,27250.69969177246
2022-09-20,26678.860012054443
2022-09-21,25985.78056716919
2022-09-22,25442.500080108643
2022-09-23,25062.300365447998
2022-09-24,24545.340621948242
2022-09-25,24545.340621948242
2022-09-26,24545.340621948242
2022-09-27,24369.599380493164
2022-09-28,24836.399810791016
2022-09-29,23966.999877929688
2022-09-30,23604.240577697754
2022-10-01,24508.659645080566
2022-10-02,24508.659645080566
2022-10-03,24508.659645080566
2022-10-04,25471.919689178467
2022-10-05,25073.400592803955
2022-10-06,24665.479637145996
2022-10-07,23871.680877685547
2022-10-08,23631.199199676514
2022-10-09,23631.199199676514
2022-10-10,23631.199199676514
2022-10-11,23149.940216064453
2022-10-12,23317.679397583008
2022-10-13,24451.100677490234
2022-10-14,23962.04021835327
2022-10-15,24811.920085906982
2022-10-16,24811.920085906982
2022-10-17,24811.920085906982
2022-10-18,25470.4197845459
2022-10-19,25000.620483398438
2022-10-20,24852.399780273438
2022-10-21,25856.640453338623
2022-10-22,26210.199966430664
2022-10-23,26210.199966430664
2022-10-24,26210.199966430664
2022-10-25,27184.739837646484
2022-10-26,27323.39981842041
2022-10-27,27485.21936416626
2022-10-28,28042.35996246338
2022-10-29,27618.79930496216
2022-10-30,27618.79930496216
2022-10-31,27618.79930496216
2022-11-01,28017.77964401245
2022-11-02,27201.779899597168
2022-11-03,27130.56000137329
2022-11-04,27742.77991104126
2022-11-05,28233.13946914673
2022-11-06,28233.13946914673
2022-11-07,28233.13946914673
2022-11-08,28451.96025466919
2022-11-09,27847.520259857178
2022-11-10,30514.12013244629
2022-11-11,31210.56000518799
2022-11-12,30287.0207862854
2022-11-13,30287.0207862854
2022-11-14,30287.0207862854
2022-11-15,30113.29991531372
2022-11-16,29770.360553741455
2022-11-17,29572.11968231201
2022-11-18,29520.15948867798
2022-11-19,29388.680320739746
2022-11-20,29388.680320739746
2022-11-21,29388.680320739746
2022-11-22,29560.05974960327
2022-11-23,29728.999969482422
2022-11-24,29739.70097732544
2022-11-25,29739.70097732544
2022-11-26,29104.699821472168
2022-11-27,29104.699821472168
2022-11-28,29104.699821472168
2022-11-29,718.0
