,Healthcare_Fund_Value
2017-02-21,2247.9801025390625
2017-02-22,2247.9801025390625
2017-02-23,2276.4000854492188
2017-02-24,2282.8399658203125
2017-02-25,2315.320068359375
2017-02-26,2315.320068359375
2017-02-27,2315.320068359375
2017-02-28,2315.320068359375
2017-03-01,2351.1600341796875
2017-03-02,2342.3399658203125
2017-03-03,2354.7999572753906
2017-03-04,2361.7999572753906
2017-03-05,2361.7999572753906
2017-03-06,2361.7999572753906
2017-03-07,2356.2000427246094
2017-03-08,2350.7400512695312
2017-03-09,2352.139923095703
2017-03-10,2379.719940185547
2017-03-11,2382.9400939941406
2017-03-12,2382.9400939941406
2017-03-13,2382.9400939941406
2017-03-14,2366.8399658203125
2017-03-15,2404.9199829101562
2017-03-16,2398.2000427246094
2017-03-17,2375.7999572753906
2017-03-18,2352.0
2017-03-19,2352.0
2017-03-20,2352.0
2017-03-21,2347.7999572753906
2017-03-22,2338.4199829101562
2017-03-23,2314.0599060058594
2017-03-24,2310.0
2017-03-25,2304.4000854492188
2017-03-26,2304.4000854492188
2017-03-27,2304.4000854492188
2017-03-28,2314.9000854492188
2017-03-29,2288.1600341796875
2017-03-30,2309.860076904297
2017-03-31,2296.139923095703
2017-04-01,2318.2599487304688
2017-04-02,2318.2599487304688
2017-04-03,2318.2599487304688
2017-04-04,2309.5800170898438
2017-04-05,2315.179931640625
2017-04-06,2314.7599487304688
2017-04-07,2324.280059814453
2017-04-08,2316.719940185547
2017-04-09,2316.719940185547
2017-04-10,2316.719940185547
2017-04-11,2321.6200256347656
2017-04-12,2317.8399658203125
2017-04-13,2309.4400939941406
2017-04-14,2340.5198974609375
2017-04-15,2340.5198974609375
2017-04-16,2340.5198974609375
2017-04-17,2340.5198974609375
2017-04-18,2360.2599487304688
2017-04-19,2369.5
2017-04-20,2401.5599060058594
2017-04-21,2396.2400512695312
2017-04-22,2412.6200256347656
2017-04-23,2412.6200256347656
2017-04-24,2412.6200256347656
2017-04-25,2436.5599060058594
2017-04-26,2441.320068359375
2017-04-27,2444.820068359375
2017-04-28,2448.320068359375
2017-04-29,2444.2599487304688
2017-04-30,2444.2599487304688
2017-05-01,2444.2599487304688
2017-05-02,2437.959991455078
2017-05-03,2415.5599060058594
2017-05-04,2436.280059814453
2017-05-05,2437.679931640625
2017-05-06,2442.1600341796875
2017-05-07,2442.1600341796875
2017-05-08,2442.1600341796875
2017-05-09,2425.360076904297
2017-05-10,2427.459991455078
2017-05-11,2426.4801025390625
2017-05-12,2405.3399658203125
2017-05-13,2401.4199829101562
2017-05-14,2401.4199829101562
2017-05-15,2401.4199829101562
2017-05-16,2353.679931640625
2017-05-17,2364.040008544922
2017-05-18,2400.2999572753906
2017-05-19,2416.2599487304688
2017-05-20,2445.7999572753906
2017-05-21,2445.7999572753906
2017-05-22,2445.7999572753906
2017-05-23,2453.0800170898438
2017-05-24,2458.2599487304688
2017-05-25,2492.7000427246094
2017-05-26,2485.0
2017-05-27,2472.2599487304688
2017-05-28,2472.2599487304688
2017-05-29,2472.2599487304688
2017-05-30,2472.2599487304688
2017-05-31,2452.5198974609375
2017-06-01,2514.1200256347656
2017-06-02,2511.459991455078
2017-06-03,2511.179931640625
2017-06-04,2511.179931640625
2017-06-05,2511.179931640625
2017-06-06,2531.4801025390625
2017-06-07,2564.9400939941406
2017-06-08,2543.6600341796875
2017-06-09,2540.4400939941406
2017-06-10,2509.5
2017-06-11,2509.5
2017-06-12,2509.5
2017-06-13,2534.7000427246094
2017-06-14,2553.040008544922
2017-06-15,2525.320068359375
2017-06-16,2542.820068359375
2017-06-17,2562.280059814453
2017-06-18,2562.280059814453
2017-06-19,2562.280059814453
2017-06-20,2565.780059814453
2017-06-21,2588.8799743652344
2017-06-22,2611.0
2017-06-23,2593.5
2017-06-24,2591.679931640625
2017-06-25,2591.679931640625
2017-06-26,2591.679931640625
2017-06-27,2584.4000854492188
2017-06-28,2599.7999572753906
2017-06-29,2593.780059814453
2017-06-30,2595.8799743652344
2017-07-01,2613.0999145507812
2017-07-02,2613.0999145507812
2017-07-03,2613.0999145507812
2017-07-04,2635.5
2017-07-05,2635.5
2017-07-06,2617.1600341796875
2017-07-07,2631.4400939941406
2017-07-08,2617.2999572753906
2017-07-09,2617.2999572753906
2017-07-10,2617.2999572753906
2017-07-11,2603.2999572753906
2017-07-12,2613.6600341796875
2017-07-13,2596.719940185547
2017-07-14,2616.5999145507812
2017-07-15,2608.9000854492188
2017-07-16,2608.9000854492188
2017-07-17,2608.9000854492188
2017-07-18,2615.9000854492188
2017-07-19,2648.6600341796875
2017-07-20,2681.0
2017-07-21,2684.9199829101562
2017-07-22,2672.459991455078
2017-07-23,2672.459991455078
2017-07-24,2672.459991455078
2017-07-25,2665.5999145507812
2017-07-26,2670.5
2017-07-27,2645.0198974609375
2017-07-28,2676.0999145507812
2017-07-29,2685.3399658203125
2017-07-30,2685.3399658203125
2017-07-31,2685.3399658203125
2017-08-01,2691.219940185547
2017-08-02,2702.0
2017-08-03,2726.780059814453
2017-08-04,2728.320068359375
2017-08-05,2726.9199829101562
2017-08-06,2726.9199829101562
2017-08-07,2726.9199829101562
2017-08-08,2728.5999145507812
2017-08-09,2727.6200256347656
2017-08-10,2695.9801025390625
2017-08-11,2702.280059814453
2017-08-12,2711.9400939941406
2017-08-13,2711.9400939941406
2017-08-14,2711.9400939941406
2017-08-15,2723.0
2017-08-16,2712.780059814453
2017-08-17,2697.7999572753906
2017-08-18,2671.4801025390625
2017-08-19,2688.4199829101562
2017-08-20,2688.4199829101562
2017-08-21,2688.4199829101562
2017-08-22,2727.0599060058594
2017-08-23,2719.360076904297
2017-08-24,2726.5
2017-08-25,2721.040008544922
2017-08-26,2731.2599487304688
2017-08-27,2731.2599487304688
2017-08-28,2731.2599487304688
2017-08-29,2754.219940185547
2017-08-30,2742.320068359375
2017-08-31,2784.5999145507812
2017-09-01,2796.5
2017-09-02,2790.3399658203125
2017-09-03,2790.3399658203125
2017-09-04,2790.3399658203125
2017-09-05,2790.3399658203125
2017-09-06,2777.320068359375
2017-09-07,2774.3799743652344
2017-09-08,2768.5
2017-09-09,2794.1200256347656
2017-09-10,2794.1200256347656
2017-09-11,2794.1200256347656
2017-09-12,2764.5800170898438
2017-09-13,2776.6200256347656
2017-09-14,2768.219940185547
2017-09-15,2774.5198974609375
2017-09-16,2774.6600341796875
2017-09-17,2774.6600341796875
2017-09-18,2774.6600341796875
2017-09-19,2725.0999145507812
2017-09-20,2740.5
2017-09-21,2732.9400939941406
2017-09-22,2702.4199829101562
2017-09-23,2684.5
2017-09-24,2684.5
2017-09-25,2684.5
2017-09-26,2697.7999572753906
2017-09-27,2722.860076904297
2017-09-28,2745.4000854492188
2017-09-29,2741.9000854492188
2017-09-30,2764.1600341796875
2017-10-01,2764.1600341796875
2017-10-02,2764.1600341796875
2017-10-03,2780.820068359375
2017-10-04,2806.719940185547
2017-10-05,2770.5999145507812
2017-10-06,2772.8399658203125
2017-10-07,2748.2000427246094
2017-10-08,2748.2000427246094
2017-10-09,2748.2000427246094
2017-10-10,2725.5198974609375
2017-10-11,2733.639923095703
2017-10-12,2700.8799743652344
2017-10-13,2695.280059814453
2017-10-14,2704.7999572753906
2017-10-15,2704.7999572753906
2017-10-16,2704.7999572753906
2017-10-17,2854.459991455078
2017-10-18,2873.219940185547
2017-10-19,2845.5
2017-10-20,2904.860076904297
2017-10-21,2898.139923095703
2017-10-22,2898.139923095703
2017-10-23,2898.139923095703
2017-10-24,2914.0999145507812
2017-10-25,2905.8399658203125
2017-10-26,2928.0999145507812
2017-10-27,2976.4000854492188
2017-10-28,2931.459991455078
2017-10-29,2931.459991455078
2017-10-30,2931.459991455078
2017-10-31,2943.0800170898438
2017-11-01,2933.4199829101562
2017-11-02,2955.4000854492188
2017-11-03,2980.179931640625
2017-11-04,2969.679931640625
2017-11-05,2969.679931640625
2017-11-06,2969.679931640625
2017-11-07,2977.7999572753906
2017-11-08,2950.780059814453
2017-11-09,2961.8399658203125
2017-11-10,2954.9801025390625
2017-11-11,2977.2400512695312
2017-11-12,2977.2400512695312
2017-11-13,2977.2400512695312
2017-11-14,2963.9400939941406
2017-11-15,2938.040008544922
2017-11-16,2955.820068359375
2017-11-17,2938.5999145507812
2017-11-18,2943.5
2017-11-19,2943.5
2017-11-20,2943.5
2017-11-21,2976.4000854492188
2017-11-22,2957.0800170898438
2017-11-23,2975.139923095703
2017-11-24,2975.139923095703
2017-11-25,2973.5999145507812
2017-11-26,2973.5999145507812
2017-11-27,2973.5999145507812
2017-11-28,3025.959991455078
2017-11-29,3120.320068359375
2017-11-30,3194.3799743652344
2017-12-01,3174.9199829101562
2017-12-02,3099.8799743652344
2017-12-03,3099.8799743652344
2017-12-04,3099.8799743652344
2017-12-05,3081.2599487304688
2017-12-06,3079.1600341796875
2017-12-07,3082.0999145507812
2017-12-08,3134.7400512695312
2017-12-09,3118.780059814453
2017-12-10,3118.780059814453
2017-12-11,3118.780059814453
2017-12-12,3114.860076904297
2017-12-13,3140.9000854492188
2017-12-14,3097.5
2017-12-15,3105.4801025390625
2017-12-16,3117.3799743652344
2017-12-17,3117.3799743652344
2017-12-18,3117.3799743652344
2017-12-19,3108.5599060058594
2017-12-20,3113.320068359375
2017-12-21,3103.6600341796875
2017-12-22,3080.0
2017-12-23,3074.4000854492188
2017-12-24,3074.4000854492188
2017-12-25,3074.4000854492188
2017-12-26,3074.4000854492188
2017-12-27,3085.8799743652344
2017-12-28,3118.780059814453
2017-12-29,3086.4400939941406
2017-12-30,3096.2400512695312
2017-12-31,3096.2400512695312
2018-01-01,3096.2400512695312
2018-01-02,3096.2400512695312
2018-01-03,3128.719940185547
2018-01-04,3142.2999572753906
2018-01-05,3202.219940185547
2018-01-06,3146.639923095703
2018-01-07,3146.639923095703
2018-01-08,3146.639923095703
2018-01-09,3162.320068359375
2018-01-10,3138.7999572753906
2018-01-11,3155.459991455078
2018-01-12,3200.959991455078
2018-01-13,3260.5999145507812
2018-01-14,3260.5999145507812
2018-01-15,3260.5999145507812
2018-01-16,3260.5999145507812
2018-01-17,3338.0198974609375
2018-01-18,3404.2400512695312
2018-01-19,3406.9000854492188
2018-01-20,3409.8399658203125
2018-01-21,3409.8399658203125
2018-01-22,3409.8399658203125
2018-01-23,3432.9400939941406
2018-01-24,3427.9000854492188
2018-01-25,3432.5198974609375
2018-01-26,3478.5800170898438
2018-01-27,3463.7400512695312
2018-01-28,3463.7400512695312
2018-01-29,3463.7400512695312
2018-01-30,3313.0999145507812
2018-01-31,3314.9199829101562
2018-02-01,3293.0800170898438
2018-02-02,3246.320068359375
2018-02-03,3080.280059814453
2018-02-04,3080.280059814453
2018-02-05,3080.280059814453
2018-02-06,3152.5198974609375
2018-02-07,3161.4801025390625
2018-02-08,3030.4400939941406
2018-02-09,3093.4400939941406
2018-02-10,3159.6600341796875
2018-02-11,3159.6600341796875
2018-02-12,3159.6600341796875
2018-02-13,3172.959991455078
2018-02-14,3202.9199829101562
2018-02-15,3164.280059814453
2018-02-16,3211.179931640625
2018-02-17,3173.2400512695312
2018-02-18,3173.2400512695312
2018-02-19,3173.2400512695312
2018-02-20,3173.2400512695312
2018-02-21,3151.820068359375
2018-02-22,3179.2599487304688
2018-02-23,3222.2400512695312
2018-02-24,3276.8399658203125
2018-02-25,3276.8399658203125
2018-02-26,3276.8399658203125
2018-02-27,3255.280059814453
2018-02-28,3166.2400512695312
2018-03-01,3142.2999572753906
2018-03-02,3152.6600341796875
2018-03-03,3197.320068359375
2018-03-04,3197.320068359375
2018-03-05,3197.320068359375
2018-03-06,3166.5198974609375
2018-03-07,3181.780059814453
2018-03-08,3146.219940185547
2018-03-09,3156.0198974609375
2018-03-10,3118.780059814453
2018-03-11,3118.780059814453
2018-03-12,3118.780059814453
2018-03-13,3177.1600341796875
2018-03-14,3155.320068359375
2018-03-15,3212.719940185547
2018-03-16,3190.040008544922
2018-03-17,3150.7000427246094
2018-03-18,3150.7000427246094
2018-03-19,3150.7000427246094
2018-03-20,3174.9199829101562
2018-03-21,3119.4801025390625
2018-03-22,3012.9400939941406
2018-03-23,2975.7000427246094
2018-03-24,3066.9801025390625
2018-03-25,3066.9801025390625
2018-03-26,3066.9801025390625
2018-03-27,3051.4400939941406
2018-03-28,3059.0
2018-03-29,2996.0
2018-03-30,3040.7999572753906
2018-03-31,3040.7999572753906
2018-04-01,3040.7999572753906
2018-04-02,3040.7999572753906
2018-04-03,3144.1200256347656
2018-04-04,3203.0599060058594
2018-04-05,3206.9801025390625
2018-04-06,3135.4400939941406
2018-04-07,3118.219940185547
2018-04-08,3118.219940185547
2018-04-09,3118.219940185547
2018-04-10,3175.0599060058594
2018-04-11,3106.5999145507812
2018-04-12,3139.360076904297
2018-04-13,3139.9199829101562
2018-04-14,3224.4801025390625
2018-04-15,3224.4801025390625
2018-04-16,3224.4801025390625
2018-04-17,3339.7000427246094
2018-04-18,3309.5999145507812
2018-04-19,3300.639923095703
2018-04-20,3290.8399658203125
2018-04-21,3280.7599487304688
2018-04-22,3280.7599487304688
2018-04-23,3280.7599487304688
2018-04-24,3279.0800170898438
2018-04-25,3288.5999145507812
2018-04-26,3318.4199829101562
2018-04-27,3362.5198974609375
2018-04-28,3309.5999145507812
2018-04-29,3309.5999145507812
2018-04-30,3309.5999145507812
2018-05-01,3315.9000854492188
2018-05-02,3268.4400939941406
2018-05-03,3278.0999145507812
2018-05-04,3302.5999145507812
2018-05-05,3272.9199829101562
2018-05-06,3272.9199829101562
2018-05-07,3272.9199829101562
2018-05-08,3248.4199829101562
2018-05-09,3208.9400939941406
2018-05-10,3271.9400939941406
2018-05-11,3335.9199829101562
2018-05-12,3400.5999145507812
2018-05-13,3400.5999145507812
2018-05-14,3400.5999145507812
2018-05-15,3353.0
2018-05-16,3384.0800170898438
2018-05-17,3401.4400939941406
2018-05-18,3424.959991455078
2018-05-19,3470.5999145507812
2018-05-20,3470.5999145507812
2018-05-21,3470.5999145507812
2018-05-22,3432.5198974609375
2018-05-23,3419.639923095703
2018-05-24,3398.219940185547
2018-05-25,3429.2999572753906
2018-05-26,3390.3799743652344
2018-05-27,3390.3799743652344
2018-05-28,3390.3799743652344
2018-05-29,3390.3799743652344
2018-05-30,3429.1600341796875
2018-05-31,3381.139923095703
2018-06-01,3406.9000854492188
2018-06-02,3424.820068359375
2018-06-03,3424.820068359375
2018-06-04,3424.820068359375
2018-06-05,3422.0198974609375
2018-06-06,3481.0999145507812
2018-06-07,3485.719940185547
2018-06-08,3509.5198974609375
2018-06-09,3552.9199829101562
2018-06-10,3552.9199829101562
2018-06-11,3552.9199829101562
2018-06-12,3550.1200256347656
2018-06-13,3540.179931640625
2018-06-14,3574.6200256347656
2018-06-15,3583.719940185547
2018-06-16,3568.179931640625
2018-06-17,3568.179931640625
2018-06-18,3568.179931640625
2018-06-19,3542.280059814453
2018-06-20,3539.3399658203125
2018-06-21,3526.459991455078
2018-06-22,3561.179931640625
2018-06-23,3509.9400939941406
2018-06-24,3509.9400939941406
2018-06-25,3509.9400939941406
2018-06-26,3496.780059814453
2018-06-27,3474.3799743652344
2018-06-28,3428.5999145507812
2018-06-29,3434.7599487304688
2018-06-30,3464.719940185547
2018-07-01,3464.719940185547
2018-07-02,3464.719940185547
2018-07-03,3457.719940185547
2018-07-04,3507.0
2018-07-05,3507.0
2018-07-06,3510.639923095703
2018-07-07,3551.3799743652344
2018-07-08,3551.3799743652344
2018-07-09,3551.3799743652344
2018-07-10,3577.5599060058594
2018-07-11,3564.2599487304688
2018-07-12,3584.6998291015625
2018-07-13,3621.8001708984375
2018-07-14,3597.7201538085938
2018-07-15,3597.7201538085938
2018-07-16,3597.7201538085938
2018-07-17,3504.0599060058594
2018-07-18,3575.8799743652344
2018-07-19,3541.0198974609375
2018-07-20,3537.7999572753906
2018-07-21,3538.360076904297
2018-07-22,3538.360076904297
2018-07-23,3538.360076904297
2018-07-24,3552.639923095703
2018-07-25,3568.040008544922
2018-07-26,3598.0
2018-07-27,3583.2999572753906
2018-07-28,3553.7599487304688
2018-07-29,3553.7599487304688
2018-07-30,3553.7599487304688
2018-07-31,3545.0800170898438
2018-08-01,3547.179931640625
2018-08-02,3585.1198120117188
2018-08-03,3601.0800170898438
2018-08-04,3594.64013671875
2018-08-05,3594.64013671875
2018-08-06,3594.64013671875
2018-08-07,3607.0999145507812
2018-08-08,3623.3399658203125
2018-08-09,3662.2599487304688
2018-08-10,3645.039794921875
2018-08-11,3652.7400512695312
2018-08-12,3652.7400512695312
2018-08-13,3652.7400512695312
2018-08-14,3688.7201538085938
2018-08-15,3648.539794921875
2018-08-16,3683.4000854492188
2018-08-17,3672.6198120117188
2018-08-18,3673.5999145507812
2018-08-19,3673.5999145507812
2018-08-20,3673.5999145507812
2018-08-21,3663.6600341796875
2018-08-22,3650.35986328125
2018-08-23,3659.8801879882812
2018-08-24,3699.9199829101562
2018-08-25,3739.1198120117188
2018-08-26,3739.1198120117188
2018-08-27,3739.1198120117188
2018-08-28,3759.14013671875
2018-08-29,3766.0
2018-08-30,3757.460205078125
2018-08-31,3758.4398803710938
2018-09-01,3759.14013671875
2018-09-02,3759.14013671875
2018-09-03,3759.14013671875
2018-09-04,3759.14013671875
2018-09-05,3746.960205078125
2018-09-06,3775.0999145507812
2018-09-07,3755.9199829101562
2018-09-08,3636.2201538085938
2018-09-09,3636.2201538085938
2018-09-10,3636.2201538085938
2018-09-11,3654.5601196289062
2018-09-12,3677.3801879882812
2018-09-13,3716.85986328125
2018-09-14,3714.3399658203125
2018-09-15,3694.179931640625
2018-09-16,3694.179931640625
2018-09-17,3694.179931640625
2018-09-18,3686.0601196289062
2018-09-19,3714.6198120117188
2018-09-20,3729.460205078125
2018-09-21,3733.3801879882812
2018-09-22,3743.039794921875
2018-09-23,3743.039794921875
2018-09-24,3743.039794921875
2018-09-25,3689.14013671875
2018-09-26,3680.7400512695312
2018-09-27,3705.0999145507812
2018-09-28,3724.5601196289062
2018-09-29,3767.4000854492188
2018-09-30,3767.4000854492188
2018-10-01,3767.4000854492188
2018-10-02,3788.820068359375
2018-10-03,3792.5999145507812
2018-10-04,3756.4801025390625
2018-10-05,3768.8001708984375
2018-10-06,3766.14013671875
2018-10-07,3766.14013671875
2018-10-08,3766.14013671875
2018-10-09,3781.539794921875
2018-10-10,3683.1198120117188
2018-10-11,3599.679931640625
2018-10-12,3634.539794921875
2018-10-13,3643.5
2018-10-14,3643.5
2018-10-15,3643.5
2018-10-16,3815.9801025390625
2018-10-17,3742.1998291015625
2018-10-18,3735.3399658203125
2018-10-19,3714.1998291015625
2018-10-20,3670.6600341796875
2018-10-21,3670.6600341796875
2018-10-22,3670.6600341796875
2018-10-23,3708.039794921875
2018-10-24,3588.4801025390625
2018-10-25,3699.35986328125
2018-10-26,3614.5198974609375
2018-10-27,3591.2798461914062
2018-10-28,3591.2798461914062
2018-10-29,3591.2798461914062
2018-10-30,3615.9199829101562
2018-10-31,3658.9000854492188
2018-11-01,3653.0198974609375
2018-11-02,3654.14013671875
2018-11-03,3654.14013671875
2018-11-04,3654.14013671875
2018-11-05,3654.14013671875
2018-11-06,3689.5601196289062
2018-11-07,3844.820068359375
2018-11-08,3873.0999145507812
2018-11-09,3871.6998291015625
2018-11-10,3813.320068359375
2018-11-11,3813.320068359375
2018-11-12,3813.320068359375
2018-11-13,3769.0800170898438
2018-11-14,3709.4398803710938
2018-11-15,3709.1600341796875
2018-11-16,3795.539794921875
2018-11-17,3724.6998291015625
2018-11-18,3724.6998291015625
2018-11-19,3724.6998291015625
2018-11-20,3661.0
2018-11-21,3647.6998291015625
2018-11-22,3662.679931640625
2018-11-23,3662.679931640625
2018-11-24,3726.2400512695312
2018-11-25,3726.2400512695312
2018-11-26,3726.2400512695312
2018-11-27,3796.0999145507812
2018-11-28,3933.3001708984375
2018-11-29,3955.6998291015625
2018-11-30,3939.039794921875
2018-12-01,4008.6198120117188
2018-12-02,4008.6198120117188
2018-12-03,4008.6198120117188
2018-12-04,3899.6998291015625
2018-12-05,3875.9000854492188
2018-12-06,3875.9000854492188
2018-12-07,3768.5198974609375
2018-12-08,3731.4199829101562
2018-12-09,3731.4199829101562
2018-12-10,3731.4199829101562
2018-12-11,3741.0800170898438
2018-12-12,3788.960205078125
2018-12-13,3810.0999145507812
2018-12-14,3710.2798461914062
2018-12-15,3612.9801025390625
2018-12-16,3612.9801025390625
2018-12-17,3612.9801025390625
2018-12-18,3541.5800170898438
2018-12-19,3504.3399658203125
2018-12-20,3394.1600341796875
2018-12-21,3336.7599487304688
2018-12-22,3261.1600341796875
2018-12-23,3261.1600341796875
2018-12-24,3261.1600341796875
2018-12-25,3406.9000854492188
2018-12-26,3406.9000854492188
2018-12-27,3443.5800170898438
2018-12-28,3447.360076904297
2018-12-29,3487.679931640625
2018-12-30,3487.679931640625
2018-12-31,3487.679931640625
2019-01-01,3408.860076904297
2019-01-02,3408.860076904297
2019-01-03,3315.9000854492188
2019-01-04,3354.679931640625
2019-01-05,3361.1200256347656
2019-01-06,3361.1200256347656
2019-01-07,3361.1200256347656
2019-01-08,3406.0599060058594
2019-01-09,3410.959991455078
2019-01-10,3428.179931640625
2019-01-11,3467.3799743652344
2019-01-12,3472.8399658203125
2019-01-13,3472.8399658203125
2019-01-14,3472.8399658203125
2019-01-15,3596.179931640625
2019-01-16,3660.4398803710938
2019-01-17,3636.7798461914062
2019-01-18,3717.0
2019-01-19,3719.6600341796875
2019-01-20,3719.6600341796875
2019-01-21,3719.6600341796875
2019-01-22,3719.6600341796875
2019-01-23,3738.2798461914062
2019-01-24,3725.820068359375
2019-01-25,3752.6998291015625
2019-01-26,3734.7798461914062
2019-01-27,3734.7798461914062
2019-01-28,3734.7798461914062
2019-01-29,3742.7599487304688
2019-01-30,3785.179931640625
2019-01-31,3782.8001708984375
2019-02-01,3762.0800170898438
2019-02-02,3754.9398803710938
2019-02-03,3754.9398803710938
2019-02-04,3754.9398803710938
2019-02-05,3728.3399658203125
2019-02-06,3773.0
2019-02-07,3766.0
2019-02-08,3666.5999145507812
2019-02-09,3599.960205078125
2019-02-10,3599.960205078125
2019-02-11,3599.960205078125
2019-02-12,15607.700103759766
2019-02-13,15668.84977722168
2019-02-14,15803.319915771484
2019-02-15,16057.91960144043
2019-02-16,15990.889739990234
2019-02-17,15990.889739990234
2019-02-18,15990.889739990234
2019-02-19,15990.889739990234
2019-02-20,15871.190292358398
2019-02-21,15800.449447631836
2019-02-22,15982.939224243164
2019-02-23,15881.499618530273
2019-02-24,15881.499618530273
2019-02-25,15881.499618530273
2019-02-26,15795.920516967773
2019-02-27,15299.969818115234
2019-02-28,15209.479446411133
2019-03-01,15216.050018310547
2019-03-02,14872.780578613281
2019-03-03,14872.780578613281
2019-03-04,14872.780578613281
2019-03-05,14888.169845581055
2019-03-06,14289.029739379883
2019-03-07,14099.449905395508
2019-03-08,13924.95972442627
2019-03-09,14104.749862670898
2019-03-10,14104.749862670898
2019-03-11,14104.749862670898
2019-03-12,14397.120483398438
2019-03-13,14651.200622558594
2019-03-14,14746.230422973633
2019-03-15,14769.35043334961
2019-03-16,15023.75
2019-03-17,15023.75
2019-03-18,15023.75
2019-03-19,15212.519653320312
2019-03-20,14988.800155639648
2019-03-21,15165.63037109375
2019-03-22,14886.66015625
2019-03-23,14732.140319824219
2019-03-24,14732.140319824219
2019-03-25,14732.140319824219
2019-03-26,14436.209991455078
2019-03-27,14321.739471435547
2019-03-28,14327.320251464844
2019-03-29,14543.940338134766
2019-03-30,14655.85954284668
2019-03-31,14655.85954284668
2019-04-01,14655.85954284668
2019-04-02,14526.989532470703
2019-04-03,14594.61051940918
2019-04-04,14713.210510253906
2019-04-05,14879.720138549805
2019-04-06,14688.899688720703
2019-04-07,14688.899688720703
2019-04-08,14688.899688720703
2019-04-09,14726.859802246094
2019-04-10,14828.469360351562
2019-04-11,14356.930389404297
2019-04-12,13994.030250549316
2019-04-13,14025.449645996094
2019-04-14,14025.449645996094
2019-04-15,14025.449645996094
2019-04-16,12815.739860534668
2019-04-17,12556.610130310059
2019-04-18,12899.89981842041
2019-04-19,12954.540008544922
2019-04-20,12954.540008544922
2019-04-21,12954.540008544922
2019-04-22,12954.540008544922
2019-04-23,13443.420051574707
2019-04-24,13751.299774169922
2019-04-25,13818.659698486328
2019-04-26,13989.750259399414
2019-04-27,13984.999801635742
2019-04-28,13984.999801635742
2019-04-29,13984.999801635742
2019-04-30,14077.530387878418
2019-05-01,13794.949645996094
2019-05-02,13923.499671936035
2019-05-03,13924.150009155273
2019-05-04,14313.299896240234
2019-05-05,14313.299896240234
2019-05-06,14313.299896240234
2019-05-07,14086.0502243042
2019-05-08,13980.749603271484
2019-05-09,13922.579887390137
2019-05-10,13887.009948730469
2019-05-11,13738.149887084961
2019-05-12,13738.149887084961
2019-05-13,13738.149887084961
2019-05-14,13700.419715881348
2019-05-15,13775.420051574707
2019-05-16,13744.559646606445
2019-05-17,13877.670249938965
2019-05-18,14127.510284423828
2019-05-19,14127.510284423828
2019-05-20,14127.510284423828
2019-05-21,14397.010604858398
2019-05-22,14388.61051940918
2019-05-23,14221.349922180176
2019-05-24,13993.219757080078
2019-05-25,13847.240043640137
2019-05-26,13847.240043640137
2019-05-27,13847.240043640137
2019-05-28,13847.240043640137
2019-05-29,13751.699966430664
2019-05-30,13827.449974060059
2019-05-31,13666.799964904785
2019-06-01,13769.389862060547
2019-06-02,13769.389862060547
2019-06-03,13769.389862060547
2019-06-04,14040.689819335938
2019-06-05,14002.530059814453
2019-06-06,14096.330284118652
2019-06-07,14369.63037109375
2019-06-08,14546.910354614258
2019-06-09,14546.910354614258
2019-06-10,14546.910354614258
2019-06-11,14325.579360961914
2019-06-12,14195.050285339355
2019-06-13,14256.739860534668
2019-06-14,14198.729698181152
2019-06-15,14338.029861450195
2019-06-16,14338.029861450195
2019-06-17,14338.029861450195
2019-06-18,14409.89974975586
2019-06-19,14561.160552978516
2019-06-20,14355.440078735352
2019-06-21,14431.469619750977
2019-06-22,14637.609680175781
2019-06-23,14637.609680175781
2019-06-24,14637.609680175781
2019-06-25,14957.539428710938
2019-06-26,14769.68032836914
2019-06-27,14847.260467529297
2019-06-28,14905.589767456055
2019-06-29,14832.859420776367
2019-06-30,14832.859420776367
2019-07-01,14832.859420776367
2019-07-02,14919.479705810547
2019-07-03,15178.239471435547
2019-07-04,15232.909973144531
2019-07-05,15232.909973144531
2019-07-06,15145.360000610352
2019-07-07,15145.360000610352
2019-07-08,15145.360000610352
2019-07-09,14918.150466918945
2019-07-10,15082.519317626953
2019-07-11,15441.489532470703
2019-07-12,15750.949447631836
2019-07-13,15701.639724731445
2019-07-14,15701.639724731445
2019-07-15,15701.639724731445
2019-07-16,15579.739791870117
2019-07-17,15630.550018310547
2019-07-18,15652.949722290039
2019-07-19,15448.899551391602
2019-07-20,15522.930725097656
2019-07-21,15522.930725097656
2019-07-22,15522.930725097656
2019-07-23,15527.089767456055
2019-07-24,15695.469497680664
2019-07-25,15540.749542236328
2019-07-26,15871.259826660156
2019-07-27,15977.08041381836
2019-07-28,15977.08041381836
2019-07-29,15977.08041381836
2019-07-30,14857.020156860352
2019-07-31,14834.489456176758
2019-08-01,14500.399429321289
2019-08-02,14307.599990844727
2019-08-03,13931.740043640137
2019-08-04,13931.740043640137
2019-08-05,13931.740043640137
2019-08-06,14043.970138549805
2019-08-07,14168.799827575684
2019-08-08,14229.380165100098
2019-08-09,14318.320068359375
2019-08-10,14097.800216674805
2019-08-11,14097.800216674805
2019-08-12,14097.800216674805
2019-08-13,14360.58014678955
2019-08-14,13882.749671936035
2019-08-15,13897.449714660645
2019-08-16,13973.710060119629
2019-08-17,14017.790145874023
2019-08-18,14017.790145874023
2019-08-19,14017.790145874023
2019-08-20,13833.390258789062
2019-08-21,13869.200241088867
2019-08-22,13651.559852600098
2019-08-23,13410.539947509766
2019-08-24,13469.970336914062
2019-08-25,13469.970336914062
2019-08-26,13469.970336914062
2019-08-27,13100.020027160645
2019-08-28,13302.150344848633
2019-08-29,13492.429931640625
2019-08-30,13492.999740600586
2019-08-31,13425.2798538208
2019-09-01,13425.2798538208
2019-09-02,13425.2798538208
2019-09-03,13425.2798538208
2019-09-04,13485.569732666016
2019-09-05,13775.509948730469
2019-09-06,13924.499870300293
2019-09-07,14067.870079040527
2019-09-08,14067.870079040527
2019-09-09,14067.870079040527
2019-09-10,14312.940612792969
2019-09-11,14436.89045715332
2019-09-12,14160.05029296875
2019-09-13,14241.490631103516
2019-09-14,14242.769638061523
2019-09-15,14242.769638061523
2019-09-16,14242.769638061523
2019-09-17,13879.429878234863
2019-09-18,13898.589904785156
2019-09-19,14039.600059509277
2019-09-20,13824.259887695312
2019-09-21,13695.180267333984
2019-09-22,13695.180267333984
2019-09-23,13695.180267333984
2019-09-24,13459.650077819824
2019-09-25,13233.879844665527
2019-09-26,13057.769706726074
2019-09-27,13125.239845275879
2019-09-28,13278.179946899414
2019-09-29,13278.179946899414
2019-09-30,13278.179946899414
2019-10-01,12989.340171813965
2019-10-02,12817.149688720703
2019-10-03,12870.789749145508
2019-10-04,13074.900276184082
2019-10-05,13142.660102844238
2019-10-06,13142.660102844238
2019-10-07,13142.660102844238
2019-10-08,12995.939956665039
2019-10-09,13100.87028503418
2019-10-10,13209.819732666016
2019-10-11,13345.530128479004
2019-10-12,13239.80997467041
2019-10-13,13239.80997467041
2019-10-14,13239.80997467041
2019-10-15,13668.610130310059
2019-10-16,13639.410102844238
2019-10-17,13849.380233764648
2019-10-18,13944.159896850586
2019-10-19,13921.730026245117
2019-10-20,13921.730026245117
2019-10-21,13921.730026245117
2019-10-22,14137.270225524902
2019-10-23,14115.45004272461
2019-10-24,14048.139923095703
2019-10-25,14161.689765930176
2019-10-26,14242.650276184082
2019-10-27,14242.650276184082
2019-10-28,14242.650276184082
2019-10-29,15006.210372924805
2019-10-30,15022.650405883789
2019-10-31,14888.69938659668
2019-11-01,14891.189575195312
2019-11-02,15096.200103759766
2019-11-03,15096.200103759766
2019-11-04,15096.200103759766
2019-11-05,14923.099731445312
2019-11-06,14971.22964477539
2019-11-07,15168.290451049805
2019-11-08,15228.979705810547
2019-11-09,15060.310104370117
2019-11-10,15060.310104370117
2019-11-11,15060.310104370117
2019-11-12,15060.399948120117
2019-11-13,14973.13005065918
2019-11-14,15013.270492553711
2019-11-15,15505.850173950195
2019-11-16,15447.319793701172
2019-11-17,15447.319793701172
2019-11-18,15447.319793701172
2019-11-19,15638.069946289062
2019-11-20,15737.439498901367
2019-11-21,15711.349258422852
2019-11-22,15707.759689331055
2019-11-23,15988.27961730957
2019-11-24,15988.27961730957
2019-11-25,15988.27961730957
2019-11-26,15746.099395751953
2019-11-27,15823.429565429688
2019-11-28,15704.280242919922
2019-11-29,15704.280242919922
2019-11-30,15686.890518188477
2019-12-01,15686.890518188477
2019-12-02,15686.890518188477
2019-12-03,15621.049758911133
2019-12-04,15862.330154418945
2019-12-05,15905.799377441406
2019-12-06,16214.51008605957
2019-12-07,16026.95980834961
2019-12-08,16026.95980834961
2019-12-09,16026.95980834961
2019-12-10,16020.680053710938
2019-12-11,16042.049896240234
2019-12-12,16174.839950561523
2019-12-13,16139.820205688477
2019-12-14,16300.369827270508
2019-12-15,16300.369827270508
2019-12-16,16300.369827270508
2019-12-17,16258.12939453125
2019-12-18,16347.40007019043
2019-12-19,16482.829879760742
2019-12-20,16636.309844970703
2019-12-21,16775.859481811523
2019-12-22,16775.859481811523
2019-12-23,16775.859481811523
2019-12-24,16701.859756469727
2019-12-25,16742.05027770996
2019-12-26,16742.05027770996
2019-12-27,16830.6795501709
2019-12-28,16655.650344848633
2019-12-29,16655.650344848633
2019-12-30,16655.650344848633
2019-12-31,16679.569946289062
2020-01-01,16631.650466918945
2020-01-02,16631.650466918945
2020-01-03,16628.460327148438
2020-01-04,16704.199829101562
2020-01-05,16704.199829101562
2020-01-06,16704.199829101562
2020-01-07,16662.56037902832
2020-01-08,16831.399810791016
2020-01-09,16649.779861450195
2020-01-10,16723.720016479492
2020-01-11,16510.500396728516
2020-01-12,16510.500396728516
2020-01-13,16510.500396728516
2020-01-14,16607.710174560547
2020-01-15,16665.99005126953
2020-01-16,16770.81022644043
2020-01-17,16792.579498291016
2020-01-18,16722.8204498291
2020-01-19,16722.8204498291
2020-01-20,16722.8204498291
2020-01-21,16722.8204498291
2020-01-22,16715.159896850586
2020-01-23,16661.090087890625
2020-01-24,16292.589706420898
2020-01-25,16013.260467529297
2020-01-26,16013.260467529297
2020-01-27,16013.260467529297
2020-01-28,16369.679931640625
2020-01-29,16306.000381469727
2020-01-30,16126.96989440918
2020-01-31,15612.300430297852
2020-02-01,15889.28010559082
2020-02-02,15889.28010559082
2020-02-03,15889.28010559082
2020-02-04,16203.209533691406
2020-02-05,16978.619583129883
2020-02-06,16781.53941345215
2020-02-07,16453.12939453125
2020-02-08,16486.219360351562
2020-02-09,16486.219360351562
2020-02-10,16486.219360351562
2020-02-11,16783.659912109375
2020-02-12,17046.319946289062
2020-02-13,17055.6005859375
2020-02-14,16896.37060546875
2020-02-15,16829.509841918945
2020-02-16,16829.509841918945
2020-02-17,16829.509841918945
2020-02-18,16829.509841918945
2020-02-19,17031.14012145996
2020-02-20,16819.170120239258
2020-02-21,16800.019897460938
2020-02-22,15790.760482788086
2020-02-23,15790.760482788086
2020-02-24,15790.760482788086
2020-02-25,14992.460205078125
2020-02-26,14593.449584960938
2020-02-27,14380.480026245117
2020-02-28,14365.29027557373
2020-02-29,15302.790054321289
2020-03-01,15302.790054321289
2020-03-02,15302.790054321289
2020-03-03,14605.050277709961
2020-03-04,15546.429824829102
2020-03-05,14826.990036010742
2020-03-06,14786.179672241211
2020-03-07,13751.059852600098
2020-03-08,13751.059852600098
2020-03-09,13751.059852600098
2020-03-10,14193.950233459473
2020-03-11,13459.06967163086
2020-03-12,12134.090232849121
2020-03-13,12672.36001586914
2020-03-14,10328.809646606445
2020-03-15,10328.809646606445
2020-03-16,10328.809646606445
2020-03-17,10003.17993927002
2020-03-18,8829.88973236084
2020-03-19,10174.70004272461
2020-03-20,9564.759948730469
2020-03-21,9422.640190124512
2020-03-22,9422.640190124512
2020-03-23,9422.640190124512
2020-03-24,10450.95004272461
2020-03-25,11153.85994720459
2020-03-26,11602.86019897461
2020-03-27,10817.350112915039
2020-03-28,11249.519905090332
2020-03-29,11249.519905090332
2020-03-30,11249.519905090332
2020-03-31,11128.569938659668
2020-04-01,10439.530387878418
2020-04-02,10497.660163879395
2020-04-03,10168.410232543945
2020-04-04,11431.060104370117
2020-04-05,11431.060104370117
2020-04-06,11431.060104370117
2020-04-07,11854.409957885742
2020-04-08,12934.719604492188
2020-04-09,12882.919860839844
2020-04-10,12495.990188598633
2020-04-11,12495.990188598633
2020-04-12,12495.990188598633
2020-04-13,12495.990188598633
2020-04-14,13352.900077819824
2020-04-15,13249.320182800293
2020-04-16,13385.219871520996
2020-04-17,13898.94027709961
2020-04-18,13336.510231018066
2020-04-19,13336.510231018066
2020-04-20,13336.510231018066
2020-04-21,12803.610137939453
2020-04-22,12762.47956085205
2020-04-23,12897.519630432129
2020-04-24,13243.610275268555
2020-04-25,13541.370101928711
2020-04-26,13541.370101928711
2020-04-27,13541.370101928711
2020-04-28,13324.139976501465
2020-04-29,13660.15007019043
2020-04-30,13434.379783630371
2020-05-01,12896.240188598633
2020-05-02,12832.410171508789
2020-05-03,12832.410171508789
2020-05-04,12832.410171508789
2020-05-05,13151.660041809082
2020-05-06,12498.580131530762
2020-05-07,12705.900077819824
2020-05-08,13191.199844360352
2020-05-09,12893.559982299805
2020-05-10,12893.559982299805
2020-05-11,12893.559982299805
2020-05-12,12489.550430297852
2020-05-13,12418.349792480469
2020-05-14,12497.989639282227
2020-05-15,12466.339698791504
2020-05-16,13083.039665222168
2020-05-17,13083.039665222168
2020-05-18,13083.039665222168
2020-05-19,12874.799880981445
2020-05-20,13077.559707641602
2020-05-21,13200.990310668945
2020-05-22,13127.810241699219
2020-05-23,13399.410179138184
2020-05-24,13399.410179138184
2020-05-25,13399.410179138184
2020-05-26,13399.410179138184
2020-05-27,13913.880157470703
2020-05-28,13586.029731750488
2020-05-29,13354.400215148926
2020-05-30,13533.570053100586
2020-05-31,13533.570053100586
2020-06-01,13533.570053100586
2020-06-02,13555.039680480957
2020-06-03,13449.80029296875
2020-06-04,13264.719734191895
2020-06-05,14188.499877929688
2020-06-06,14366.120231628418
2020-06-07,14366.120231628418
2020-06-08,14366.120231628418
2020-06-09,14188.939880371094
2020-06-10,13638.149688720703
2020-06-11,12566.570205688477
2020-06-12,12538.850173950195
2020-06-13,12808.82006072998
2020-06-14,12808.82006072998
2020-06-15,12808.82006072998
2020-06-16,12964.10018157959
2020-06-17,12519.899955749512
2020-06-18,12589.220024108887
2020-06-19,12367.409759521484
2020-06-20,12454.58016204834
2020-06-21,12454.58016204834
2020-06-22,12454.58016204834
2020-06-23,12588.200241088867
2020-06-24,12015.570182800293
2020-06-25,12081.829887390137
2020-06-26,11877.12035369873
2020-06-27,12233.639877319336
2020-06-28,12233.639877319336
2020-06-29,12233.639877319336
2020-06-30,12379.399963378906
2020-07-01,12505.020309448242
2020-07-02,12503.090240478516
2020-07-03,12672.189888000488
2020-07-04,12672.189888000488
2020-07-05,12672.189888000488
2020-07-06,12672.189888000488
2020-07-07,12333.499732971191
2020-07-08,12305.589561462402
2020-07-09,12095.139739990234
2020-07-10,12298.42025756836
2020-07-11,12426.490036010742
2020-07-12,12426.490036010742
2020-07-13,12426.490036010742
2020-07-14,12730.879768371582
2020-07-15,13237.23023223877
2020-07-16,13406.999862670898
2020-07-17,13306.519775390625
2020-07-18,13170.88998413086
2020-07-19,13170.88998413086
2020-07-20,13170.88998413086
2020-07-21,13564.589950561523
2020-07-22,14699.639724731445
2020-07-23,15034.03012084961
2020-07-24,14879.410301208496
2020-07-25,14833.450241088867
2020-07-26,14833.450241088867
2020-07-27,14833.450241088867
2020-07-28,14735.619819641113
2020-07-29,15324.819793701172
2020-07-30,15157.470413208008
2020-07-31,15003.319931030273
2020-08-01,14949.490028381348
2020-08-02,14949.490028381348
2020-08-03,14949.490028381348
2020-08-04,15176.149948120117
2020-08-05,15459.43032836914
2020-08-06,15644.040588378906
2020-08-07,15511.370346069336
2020-08-08,15727.350189208984
2020-08-09,15727.350189208984
2020-08-10,15727.350189208984
2020-08-11,15602.849517822266
2020-08-12,15742.830261230469
2020-08-13,15608.229690551758
2020-08-14,15958.349548339844
2020-08-15,15902.640396118164
2020-08-16,15902.640396118164
2020-08-17,15902.640396118164
2020-08-18,15817.69027709961
2020-08-19,15723.99934387207
2020-08-20,15534.36929321289
2020-08-21,15661.30973815918
2020-08-22,15746.060363769531
2020-08-23,15746.060363769531
2020-08-24,15746.060363769531
2020-08-25,15770.430068969727
2020-08-26,15512.030517578125
2020-08-27,15789.080032348633
2020-08-28,15960.33039855957
2020-08-29,15911.899932861328
2020-08-30,15911.899932861328
2020-08-31,15911.899932861328
2020-09-01,15786.619552612305
2020-09-02,16227.809707641602
2020-09-03,16038.220672607422
2020-09-04,16017.250259399414
2020-09-05,15566.549896240234
2020-09-06,15566.549896240234
2020-09-07,15566.549896240234
2020-09-08,15566.549896240234
2020-09-09,15742.129638671875
2020-09-10,15711.34992980957
2020-09-11,15610.720153808594
2020-09-12,15856.180206298828
2020-09-13,15856.180206298828
2020-09-14,15856.180206298828
2020-09-15,15844.220413208008
2020-09-16,16022.129379272461
2020-09-17,15926.620101928711
2020-09-18,15553.529846191406
2020-09-19,14851.909774780273
2020-09-20,14851.909774780273
2020-09-21,14851.909774780273
2020-09-22,14374.890266418457
2020-09-23,13978.010360717773
2020-09-24,14037.989791870117
2020-09-25,14481.750259399414
2020-09-26,14560.820205688477
2020-09-27,14560.820205688477
2020-09-28,14560.820205688477
2020-09-29,14473.399940490723
2020-09-30,14962.579872131348
2020-10-01,14970.579895019531
2020-10-02,15166.970413208008
2020-10-03,15518.549758911133
2020-10-04,15518.549758911133
2020-10-05,15518.549758911133
2020-10-06,15313.749755859375
2020-10-07,15495.330810546875
2020-10-08,15719.29020690918
2020-10-09,15976.36051940918
2020-10-10,15689.129653930664
2020-10-11,15689.129653930664
2020-10-12,15689.129653930664
2020-10-13,15939.780395507812
2020-10-14,15952.000396728516
2020-10-15,16256.129531860352
2020-10-16,16103.799499511719
2020-10-17,15957.130172729492
2020-10-18,15957.130172729492
2020-10-19,15957.130172729492
2020-10-20,16123.439895629883
2020-10-21,16077.359756469727
2020-10-22,16053.070724487305
2020-10-23,16238.549774169922
2020-10-24,16034.389343261719
2020-10-25,16034.389343261719
2020-10-26,16034.389343261719
2020-10-27,15584.739929199219
2020-10-28,15068.750259399414
2020-10-29,14910.520027160645
2020-10-30,14806.860412597656
2020-10-31,15470.400604248047
2020-11-01,15470.400604248047
2020-11-02,15470.400604248047
2020-11-03,16066.549774169922
2020-11-04,16166.840225219727
2020-11-05,16654.19970703125
2020-11-06,16636.939880371094
2020-11-07,17422.200622558594
2020-11-08,17422.200622558594
2020-11-09,17422.200622558594
2020-11-10,17881.01008605957
2020-11-11,17288.750274658203
2020-11-12,17251.889739990234
2020-11-13,17708.13018798828
2020-11-14,17900.180725097656
2020-11-15,17900.180725097656
2020-11-16,17900.180725097656
2020-11-17,17936.949981689453
2020-11-18,17678.540603637695
2020-11-19,17540.250518798828
2020-11-20,17209.69985961914
2020-11-21,17389.839447021484
2020-11-22,17389.839447021484
2020-11-23,17389.839447021484
2020-11-24,17884.23992919922
2020-11-25,17722.359619140625
2020-11-26,17740.4102935791
2020-11-27,17740.4102935791
2020-11-28,17468.11000061035
2020-11-29,17468.11000061035
2020-11-30,17468.11000061035
2020-12-01,17689.010345458984
2020-12-02,17836.84048461914
2020-12-03,17865.269897460938
2020-12-04,18301.25958251953
2020-12-05,18076.489379882812
2020-12-06,18076.489379882812
2020-12-07,18076.489379882812
2020-12-08,18401.190002441406
2020-12-09,18415.789428710938
2020-12-10,18507.24934387207
2020-12-11,18112.430725097656
2020-12-12,18378.920120239258
2020-12-13,18378.920120239258
2020-12-14,18378.920120239258
2020-12-15,18436.129928588867
2020-12-16,18483.359741210938
2020-12-17,18787.13018798828
2020-12-18,18706.219757080078
2020-12-19,18567.769500732422
2020-12-20,18567.769500732422
2020-12-21,18567.769500732422
2020-12-22,18568.09049987793
2020-12-23,18824.36000061035
2020-12-24,18731.46058654785
2020-12-25,18783.300170898438
2020-12-26,18783.300170898438
2020-12-27,18783.300170898438
2020-12-28,18783.300170898438
2020-12-29,18788.450241088867
2020-12-30,18629.610382080078
2020-12-31,18888.62046813965
2021-01-01,18802.399948120117
2021-01-02,18802.399948120117
2021-01-03,18802.399948120117
2021-01-04,18802.399948120117
2021-01-05,18853.049362182617
2021-01-06,19527.379638671875
2021-01-07,19866.420501708984
2021-01-08,19731.26010131836
2021-01-09,19616.949584960938
2021-01-10,19616.949584960938
2021-01-11,19616.949584960938
2021-01-12,19643.58039855957
2021-01-13,19460.510223388672
2021-01-14,19210.370346069336
2021-01-15,19263.650192260742
2021-01-16,19049.160552978516
2021-01-17,19049.160552978516
2021-01-18,19049.160552978516
2021-01-19,19049.160552978516
2021-01-20,19187.509689331055
2021-01-21,19198.999481201172
2021-01-22,19058.149932861328
2021-01-23,19185.88934326172
2021-01-24,19185.88934326172
2021-01-25,19185.88934326172
2021-01-26,18754.590209960938
2021-01-27,18008.56022644043
2021-01-28,18657.100173950195
2021-01-29,18480.91944885254
2021-01-30,18865.049377441406
2021-01-31,18865.049377441406
2021-02-01,18865.049377441406
2021-02-02,18839.330535888672
2021-02-03,19445.659790039062
2021-02-04,19850.980361938477
2021-02-05,19570.28956604004
2021-02-06,19750.66015625
2021-02-07,19750.66015625
2021-02-08,19750.66015625
2021-02-09,19525.519912719727
2021-02-10,19524.74934387207
2021-02-11,19584.730361938477
2021-02-12,19343.709396362305
2021-02-13,19334.679931640625
2021-02-14,19334.679931640625
2021-02-15,19334.679931640625
2021-02-16,19334.679931640625
2021-02-17,19573.440002441406
2021-02-18,19439.590103149414
2021-02-19,19620.569396972656
2021-02-20,19446.66082763672
2021-02-21,19446.66082763672
2021-02-22,19446.66082763672
2021-02-23,19494.090759277344
2021-02-24,19562.4892578125
2021-02-25,19481.72982788086
2021-02-26,19273.629913330078
2021-02-27,19599.200485229492
2021-02-28,19599.200485229492
2021-03-01,19599.200485229492
2021-03-02,19830.25958251953
2021-03-03,19584.480087280273
2021-03-04,19662.239654541016
2021-03-05,20474.75065612793
2021-03-06,20985.230758666992
2021-03-07,20985.230758666992
2021-03-08,20985.230758666992
2021-03-09,20595.770309448242
2021-03-10,20650.849670410156
2021-03-11,20687.94972229004
2021-03-12,21085.829223632812
2021-03-13,21259.02069091797
2021-03-14,21259.02069091797
2021-03-15,21259.02069091797
2021-03-16,20733.6004486084
2021-03-17,20698.019897460938
2021-03-18,21051.249725341797
2021-03-19,21149.120330810547
2021-03-20,21131.33917236328
2021-03-21,21131.33917236328
2021-03-22,21131.33917236328
2021-03-23,20770.100311279297
2021-03-24,20878.549774169922
2021-03-25,21120.010467529297
2021-03-26,21511.670776367188
2021-03-27,21217.990173339844
2021-03-28,21217.990173339844
2021-03-29,21217.990173339844
2021-03-30,21255.7393951416
2021-03-31,21217.879791259766
2021-04-01,20961.729583740234
2021-04-02,21162.519897460938
2021-04-03,21162.519897460938
2021-04-04,21162.519897460938
2021-04-05,21162.519897460938
2021-04-06,20943.480346679688
2021-04-07,20994.410568237305
2021-04-08,21091.859634399414
2021-04-09,21493.000244140625
2021-04-10,21559.020294189453
2021-04-11,21559.020294189453
2021-04-12,21559.020294189453
2021-04-13,21272.30015563965
2021-04-14,21489.56980895996
2021-04-15,21906.790603637695
2021-04-16,22213.189514160156
2021-04-17,22023.409896850586
2021-04-18,22023.409896850586
2021-04-19,22023.409896850586
2021-04-20,21951.320190429688
2021-04-21,22373.389862060547
2021-04-22,22679.90965270996
2021-04-23,22816.839965820312
2021-04-24,22589.639587402344
2021-04-25,22589.639587402344
2021-04-26,22589.639587402344
2021-04-27,22434.60057067871
2021-04-28,22395.910415649414
2021-04-29,22786.600036621094
2021-04-30,22673.29962158203
2021-05-01,23065.949447631836
2021-05-02,23065.949447631836
2021-05-03,23065.949447631836
2021-05-04,23297.659637451172
2021-05-05,23441.399688720703
2021-05-06,23602.630172729492
2021-05-07,23741.30027770996
2021-05-08,23903.110153198242
2021-05-09,23903.110153198242
2021-05-10,23903.110153198242
2021-05-11,23338.399703979492
2021-05-12,23024.529983520508
2021-05-13,23354.790069580078
2021-05-14,23714.699829101562
2021-05-15,23528.320068359375
2021-05-16,23528.320068359375
2021-05-17,23528.320068359375
2021-05-18,23208.56980895996
2021-05-19,23044.94984436035
2021-05-20,23248.810775756836
2021-05-21,23305.120483398438
2021-05-22,23273.499755859375
2021-05-23,23273.499755859375
2021-05-24,23273.499755859375
2021-05-25,23650.550399780273
2021-05-26,23790.490036010742
2021-05-27,29909.050323486328
2021-05-28,29997.329635620117
2021-05-29,29956.329620361328
2021-05-30,29956.329620361328
2021-05-31,29956.329620361328
2021-06-01,29956.329620361328
2021-06-02,29487.500518798828
2021-06-03,29773.13963317871
2021-06-04,29747.410751342773
2021-06-05,29448.949676513672
2021-06-06,29448.949676513672
2021-06-07,29448.949676513672
2021-06-08,29339.25946044922
2021-06-09,29111.14974975586
2021-06-10,29245.810272216797
2021-06-11,29322.16033935547
2021-06-12,29008.99024963379
2021-06-13,29008.99024963379
2021-06-14,29008.99024963379
2021-06-15,29191.069793701172
2021-06-16,28812.849716186523
2021-06-17,28842.900619506836
2021-06-18,28104.92985534668
2021-06-19,28906.779846191406
2021-06-20,28906.779846191406
2021-06-21,28906.779846191406
2021-06-22,29103.05972290039
2021-06-23,28730.289611816406
2021-06-24,28635.679107666016
2021-06-25,29029.299865722656
2021-06-26,28922.13963317871
2021-06-27,28922.13963317871
2021-06-28,28922.13963317871
2021-06-29,28796.600463867188
2021-06-30,28906.060317993164
2021-07-01,29431.310470581055
2021-07-02,29801.290496826172
2021-07-03,29783.639678955078
2021-07-04,29783.639678955078
2021-07-05,29783.639678955078
2021-07-06,29783.639678955078
2021-07-07,30014.939575195312
2021-07-08,29696.100631713867
2021-07-09,30195.8390045166
2021-07-10,30494.059936523438
2021-07-11,30494.059936523438
2021-07-12,30494.059936523438
2021-07-13,30466.059829711914
2021-07-14,30326.15997314453
2021-07-15,30547.149185180664
2021-07-16,30411.649856567383
2021-07-17,29991.99041748047
2021-07-18,29991.99041748047
2021-07-19,29991.99041748047
2021-07-20,32787.17953491211
2021-07-21,32745.060150146484
2021-07-22,32562.429092407227
2021-07-23,32701.250869750977
2021-07-24,32356.65965270996
2021-07-25,32356.65965270996
2021-07-26,32356.65965270996
2021-07-27,32604.500366210938
2021-07-28,32331.379455566406
2021-07-29,32605.569091796875
2021-07-30,32628.229904174805
2021-07-31,33007.33023071289
2021-08-01,33007.33023071289
2021-08-02,33007.33023071289
2021-08-03,33384.299575805664
2021-08-04,32937.50959777832
2021-08-05,32576.959716796875
2021-08-06,32763.62969970703
2021-08-07,32531.379989624023
2021-08-08,32531.379989624023
2021-08-09,32531.379989624023
2021-08-10,31881.570220947266
2021-08-11,31721.56039428711
2021-08-12,31813.78938293457
2021-08-13,31901.029678344727
2021-08-14,32423.139892578125
2021-08-15,32423.139892578125
2021-08-16,32423.139892578125
2021-08-17,32435.920043945312
2021-08-18,32023.430114746094
2021-08-19,32581.46011352539
2021-08-20,32879.68942260742
2021-08-21,32835.389221191406
2021-08-22,32835.389221191406
2021-08-23,32835.389221191406
2021-08-24,32784.78968811035
2021-08-25,32901.70944213867
2021-08-26,32725.34962463379
2021-08-27,32859.940856933594
2021-08-28,32961.40040588379
2021-08-29,32961.40040588379
2021-08-30,32961.40040588379
2021-08-31,32958.029556274414
2021-09-01,32859.7004699707
2021-09-02,33204.83981323242
2021-09-03,33101.73970031738
2021-09-04,32994.060150146484
2021-09-05,32994.060150146484
2021-09-06,32994.060150146484
2021-09-07,32994.060150146484
2021-09-08,33006.259765625
2021-09-09,33327.250549316406
2021-09-10,32836.89123535156
2021-09-11,33236.5302734375
2021-09-12,33236.5302734375
2021-09-13,33236.5302734375
2021-09-14,32919.559982299805
2021-09-15,33261.33071899414
2021-09-16,33699.26123046875
2021-09-17,33567.939056396484
2021-09-18,33108.84997558594
2021-09-19,33108.84997558594
2021-09-20,33108.84997558594
2021-09-21,33205.20974731445
2021-09-22,33305.40002441406
2021-09-23,33136.96969604492
2021-09-24,33207.11846923828
2021-09-25,33222.73027038574
2021-09-26,33222.73027038574
2021-09-27,33222.73027038574
2021-09-28,32769.18037414551
2021-09-29,32875.59043884277
2021-09-30,31693.559783935547
2021-10-01,32195.119216918945
2021-10-02,31743.44073486328
2021-10-03,31743.44073486328
2021-10-04,31743.44073486328
2021-10-05,31775.61976623535
2021-10-06,31430.74969482422
2021-10-07,31969.500122070312
2021-10-08,31946.68992614746
2021-10-09,31572.71028137207
2021-10-10,31572.71028137207
2021-10-11,31572.71028137207
2021-10-12,31628.66033935547
2021-10-13,31597.299545288086
2021-10-14,32359.0391998291
2021-10-15,32873.530334472656
2021-10-16,32727.9794921875
2021-10-17,32727.9794921875
2021-10-18,32727.9794921875
2021-10-19,32985.36944580078
2021-10-20,33775.10981750488
2021-10-21,34748.0700378418
2021-10-22,34302.69004821777
2021-10-23,33365.109619140625
2021-10-24,33365.109619140625
2021-10-25,33365.109619140625
2021-10-26,33427.55953979492
2021-10-27,33710.36962890625
2021-10-28,34183.50965881348
2021-10-29,34262.63066101074
2021-10-30,34123.090408325195
2021-10-31,34123.090408325195
2021-11-01,34123.090408325195
2021-11-02,33748.960510253906
2021-11-03,34022.069885253906
2021-11-04,33763.640228271484
2021-11-05,33815.1902923584
2021-11-06,33924.08029174805
2021-11-07,33924.08029174805
2021-11-08,33924.08029174805
2021-11-09,33874.59996032715
2021-11-10,33660.650314331055
2021-11-11,33602.660873413086
2021-11-12,33828.960372924805
2021-11-13,33444.649841308594
2021-11-14,33444.649841308594
2021-11-15,33444.649841308594
2021-11-16,33297.77990722656
2021-11-17,33458.60011291504
2021-11-18,33357.03009033203
2021-11-19,32708.24966430664
2021-11-20,32853.10940551758
2021-11-21,32853.10940551758
2021-11-22,32853.10940551758
2021-11-23,33156.66996765137
2021-11-24,33061.34069824219
2021-11-25,32026.53988647461
2021-11-26,32026.53988647461
2021-11-27,32114.4998626709
2021-11-28,32114.4998626709
2021-11-29,32114.4998626709
2021-11-30,31487.67987060547
2021-12-01,35250.90007019043
2021-12-02,35769.4794921875
2021-12-03,35578.989837646484
2021-12-04,36116.29008483887
2021-12-05,36116.29008483887
2021-12-06,36116.29008483887
2021-12-07,36766.36068725586
2021-12-08,37171.17921447754
2021-12-09,37438.100189208984
2021-12-10,37879.09053039551
2021-12-11,37853.960998535156
2021-12-12,37853.960998535156
2021-12-13,37853.960998535156
2021-12-14,38081.70979309082
2021-12-15,39097.85014343262
2021-12-16,38996.97944641113
2021-12-17,38784.0096282959
2021-12-18,37860.65969848633
2021-12-19,37860.65969848633
2021-12-20,37860.65969848633
2021-12-21,38156.699615478516
2021-12-22,38857.30062866211
2021-12-23,38947.500228881836
2021-12-24,39264.87031555176
2021-12-25,39264.87031555176
2021-12-26,39264.87031555176
2021-12-27,39264.87031555176
2021-12-28,39659.67086791992
2021-12-29,39948.49935913086
2021-12-30,39863.678619384766
2021-12-31,39610.381591796875
2022-01-01,39364.21977233887
2022-01-02,39364.21977233887
2022-01-03,39364.21977233887
2022-01-04,39569.01922607422
2022-01-05,39312.130126953125
2022-01-06,38390.83964538574
2022-01-07,38005.480392456055
2022-01-08,38010.02001953125
2022-01-09,38010.02001953125
2022-01-10,38010.02001953125
2022-01-11,38406.54048156738
2022-01-12,38388.67008972168
2022-01-13,38567.979919433594
2022-01-14,38880.2001953125
2022-01-15,37984.57926940918
2022-01-16,37984.57926940918
2022-01-17,37984.57926940918
2022-01-18,37984.57926940918
2022-01-19,37761.34004211426
2022-01-20,37423.67958068848
2022-01-21,37032.22967529297
2022-01-22,37649.160247802734
2022-01-23,37649.160247802734
2022-01-24,37649.160247802734
2022-01-25,36926.94990539551
2022-01-26,36876.11993408203
2022-01-27,36104.42022705078
2022-01-28,37017.55986022949
2022-01-29,37286.620376586914
2022-01-30,37286.620376586914
2022-01-31,37286.620376586914
2022-02-01,36994.45002746582
2022-02-02,37583.56932067871
2022-02-03,37816.870040893555
2022-02-04,37517.84062194824
2022-02-05,37002.26028442383
2022-02-06,37002.26028442383
2022-02-07,37002.26028442383
2022-02-08,37957.579849243164
2022-02-09,38402.870193481445
2022-02-10,37788.24946594238
2022-02-11,37436.3805847168
2022-02-12,37053.02995300293
2022-02-13,37053.02995300293
2022-02-14,37053.02995300293
2022-02-15,37827.62046813965
2022-02-16,38803.95024108887
2022-02-17,38433.17997741699
2022-02-18,37682.22036743164
2022-02-19,37520.6805267334
2022-02-20,37520.6805267334
2022-02-21,37520.6805267334
2022-02-22,37520.6805267334
2022-02-23,37277.80969238281
2022-02-24,37370.89013671875
2022-02-25,38707.45930480957
2022-02-26,38426.4397277832
2022-02-27,38426.4397277832
2022-02-28,38426.4397277832
2022-03-01,38537.8800201416
2022-03-02,39644.94030761719
2022-03-03,39963.808685302734
2022-03-04,40416.010009765625
2022-03-05,39430.370697021484
2022-03-06,39430.370697021484
2022-03-07,39430.370697021484
2022-03-08,43878.61965942383
2022-03-09,44754.38882446289
2022-03-10,45268.9806060791
2022-03-11,45065.28016662598
2022-03-12,44613.9592590332
2022-03-13,44613.9592590332
2022-03-14,44613.9592590332
2022-03-15,45539.521255493164
2022-03-16,45681.37078857422
2022-03-17,46122.09980773926
2022-03-18,45597.69917297363
2022-03-19,45641.53991699219
2022-03-20,45641.53991699219
2022-03-21,45641.53991699219
2022-03-22,45445.79089355469
2022-03-23,45028.2991027832
2022-03-24,45416.05097961426
2022-03-25,45569.959548950195
2022-03-26,46148.68077087402
2022-03-27,46148.68077087402
2022-03-28,46148.68077087402
2022-03-29,46285.97944641113
2022-03-30,45786.32075500488
2022-03-31,45104.799377441406
2022-04-01,45324.860122680664
2022-04-02,44646.46919250488
2022-04-03,44646.46919250488
2022-04-04,44646.46919250488
2022-04-05,44609.009994506836
2022-04-06,45727.62953186035
2022-04-07,46378.7301940918
2022-04-08,47048.80047607422
2022-04-09,46593.199447631836
2022-04-10,46593.199447631836
2022-04-11,46593.199447631836
2022-04-12,46673.16128540039
2022-04-13,46658.0516204834
2022-04-14,46831.21983337402
2022-04-15,46574.60089111328
2022-04-16,46574.60089111328
2022-04-17,46574.60089111328
2022-04-18,46574.60089111328
2022-04-19,46917.43899536133
2022-04-20,48496.0608215332
2022-04-21,16962.95977783203
2022-04-22,16380.44027709961
2022-04-23,16517.840530395508
2022-04-24,16517.840530395508
2022-04-25,16517.840530395508
2022-04-26,16153.720397949219
2022-04-27,16139.379898071289
2022-04-28,16324.25993347168
2022-04-29,15874.91976928711
2022-04-30,15672.66000366211
2022-05-01,15672.66000366211
2022-05-02,15672.66000366211
2022-05-03,15700.679901123047
2022-05-04,15940.019927978516
2022-05-05,15571.600128173828
2022-05-06,15491.679718017578
2022-05-07,14989.180389404297
2022-05-08,14989.180389404297
2022-05-09,14989.180389404297
2022-05-10,15136.940185546875
2022-05-11,15114.299911499023
2022-05-12,15158.019989013672
2022-05-13,15391.539947509766
2022-05-14,15554.399963378906
2022-05-15,15554.399963378906
2022-05-16,15554.399963378906
2022-05-17,15788.74006652832
2022-05-18,15318.740127563477
2022-05-19,15369.099975585938
2022-05-20,15483.440185546875
2022-05-21,15776.539749145508
2022-05-22,15776.539749145508
2022-05-23,15776.539749145508
2022-05-24,15939.099914550781
2022-05-25,15973.380020141602
2022-05-26,15706.100280761719
2022-05-27,15814.019805908203
2022-05-28,15550.259994506836
2022-05-29,15550.259994506836
2022-05-30,15550.259994506836
2022-05-31,15550.259994506836
2022-06-01,15347.099670410156
2022-06-02,15206.840209960938
2022-06-03,14972.719802856445
2022-06-04,14909.239974975586
2022-06-05,14909.239974975586
2022-06-06,14909.239974975586
2022-06-07,15080.900024414062
2022-06-08,14973.820083618164
2022-06-09,14592.099639892578
2022-06-10,14481.719955444336
2022-06-11,14019.420013427734
2022-06-12,14019.420013427734
2022-06-13,14019.420013427734
2022-06-14,13824.68000793457
2022-06-15,13977.859756469727
2022-06-16,13746.160018920898
2022-06-17,13872.660095214844
2022-06-18,14331.159957885742
2022-06-19,14331.159957885742
2022-06-20,14331.159957885742
2022-06-21,14331.159957885742
2022-06-22,14482.06005859375
2022-06-23,14720.499969482422
2022-06-24,14764.020202636719
2022-06-25,14855.26025390625
2022-06-26,14855.26025390625
2022-06-27,14855.26025390625
2022-06-28,14787.879791259766
2022-06-29,14964.980194091797
2022-06-30,14866.10009765625
2022-07-01,15019.480361938477
2022-07-02,14815.259750366211
2022-07-03,14815.259750366211
2022-07-04,14815.259750366211
2022-07-05,14815.259750366211
2022-07-06,14905.979965209961
2022-07-07,14963.020141601562
2022-07-08,15106.320266723633
2022-07-09,15015.760162353516
2022-07-10,15015.760162353516
2022-07-11,15015.760162353516
2022-07-12,14942.160034179688
2022-07-13,14673.340148925781
2022-07-14,14652.639907836914
2022-07-15,15161.259994506836
2022-07-16,14834.780075073242
2022-07-17,14834.780075073242
2022-07-18,14834.780075073242
2022-07-19,15197.860137939453
2022-07-20,14944.699905395508
2022-07-21,15021.040420532227
2022-07-22,14989.519592285156
2022-07-23,15110.759765625
2022-07-24,15110.759765625
2022-07-25,15110.759765625
2022-07-26,15165.020431518555
2022-07-27,15300.119689941406
2022-07-28,15374.699890136719
2022-07-29,15338.820236206055
2022-07-30,15237.080108642578
2022-07-31,15237.080108642578
2022-08-01,15237.080108642578
2022-08-02,15233.860397338867
2022-08-03,15535.14030456543
2022-08-04,15449.92008972168
2022-08-05,15463.379821777344
2022-08-06,15600.859771728516
2022-08-07,15600.859771728516
2022-08-08,15600.859771728516
2022-08-09,15537.140213012695
2022-08-10,15708.839447021484
2022-08-11,15529.279983520508
2022-08-12,15745.780288696289
2022-08-13,15863.899932861328
2022-08-14,15863.899932861328
2022-08-15,15863.899932861328
2022-08-16,15922.139892578125
2022-08-17,15813.900329589844
2022-08-18,15763.099594116211
2022-08-19,15756.640014648438
2022-08-20,15578.719787597656
2022-08-21,15578.719787597656
2022-08-22,15578.719787597656
2022-08-23,15266.500061035156
2022-08-24,15234.060119628906
2022-08-25,15443.220001220703
2022-08-26,15100.359970092773
2022-08-27,15063.260559082031
2022-08-28,15063.260559082031
2022-08-29,15063.260559082031
2022-08-30,14863.600463867188
2022-08-31,14801.30014038086
2022-09-01,15012.159973144531
2022-09-02,14723.81948852539
2022-09-03,14656.539581298828
2022-09-04,14656.539581298828
2022-09-05,14656.539581298828
2022-09-06,14656.539581298828
2022-09-07,14889.219940185547
2022-09-08,15681.179962158203
2022-09-09,15814.26057434082
2022-09-10,15936.699829101562
2022-09-11,15936.699829101562
2022-09-12,15936.699829101562
2022-09-13,15558.500381469727
2022-09-14,15491.019943237305
2022-09-15,15724.359603881836
2022-09-16,15707.580200195312
2022-09-17,15747.020004272461
2022-09-18,15747.020004272461
2022-09-19,15747.020004272461
2022-09-20,15613.679611206055
2022-09-21,15220.480422973633
2022-09-22,15217.76025390625
2022-09-23,15176.880065917969
2022-09-24,14974.819732666016
2022-09-25,14974.819732666016
2022-09-26,14974.819732666016
2022-09-27,15008.179962158203
2022-09-28,15226.819763183594
2022-09-29,15058.959701538086
2022-09-30,14918.280090332031
2022-10-01,15432.120025634766
2022-10-02,15432.120025634766
2022-10-03,15432.120025634766
2022-10-04,15648.61962890625
2022-10-05,15765.36019897461
2022-10-06,15542.299896240234
2022-10-07,15193.439971923828
2022-10-08,15134.199523925781
2022-10-09,15134.199523925781
2022-10-10,15134.199523925781
2022-10-11,15188.739776611328
2022-10-12,15062.059753417969
2022-10-13,15495.100036621094
2022-10-14,15354.24008178711
2022-10-15,15529.040298461914
2022-10-16,15529.040298461914
2022-10-17,15529.040298461914
2022-10-18,15515.800369262695
2022-10-19,15389.060241699219
2022-10-20,15320.36001586914
2022-10-21,15585.639663696289
2022-10-22,15863.779678344727
2022-10-23,15863.779678344727
2022-10-24,15863.779678344727
2022-10-25,15934.059692382812
2022-10-26,15935.279769897461
2022-10-27,15870.699844360352
2022-10-28,16215.639907836914
2022-10-29,16282.240173339844
2022-10-30,16282.240173339844
2022-10-31,16282.240173339844
2022-11-01,16257.839706420898
2022-11-02,15996.779724121094
2022-11-03,15907.539596557617
2022-11-04,15869.539962768555
2022-11-05,16070.700271606445
2022-11-06,16070.700271606445
2022-11-07,16070.700271606445
2022-11-08,15943.140014648438
2022-11-09,15674.279739379883
2022-11-10,15829.499694824219
2022-11-11,15559.12045288086
2022-11-12,15457.96012878418
2022-11-13,15457.96012878418
2022-11-14,15457.96012878418
2022-11-15,15250.92008972168
2022-11-16,15337.1796875
2022-11-17,15326.060180664062
2022-11-18,15580.18002319336
2022-11-19,15459.879959106445
2022-11-20,15459.879959106445
2022-11-21,15459.879959106445
2022-11-22,15403.420272827148
2022-11-23,15463.020065307617
2022-11-24,15583.579940795898
2022-11-25,15583.579940795898
2022-11-26,15402.640029907227
2022-11-27,15402.640029907227
2022-11-28,15402.640029907227
2022-11-29,66.0
