Date,ABB,AAPL,BLK,DFS,EOG,HD,JPM,KGC,MBUU,MCD,MDT,MSFT,NVDA,PTC,REGN,SE,SRE,SOFI,UNH,VLD
2022-01-03,38.470001220703125,182.00999450683594,911.72998046875,118.63999938964844,91.16000366210938,408.6400146484375,161.6999969482422,5.659999847412109,69.69000244140625,268.5799865722656,106.0999984741211,334.75,301.2099914550781,122.9800033569336,627.0999755859375,223.30999755859375,131.99000549316406,15.680000305175781,502.2799987792969,7.840000152587891
2022-01-04,39.0,179.6999969482422,917.219970703125,122.30000305175781,95.3499984741211,412.8399963378906,167.8300018310547,5.690000057220459,68.55000305175781,268.510009765625,106.38999938964844,329.010009765625,292.8999938964844,122.5999984741211,616.8200073242188,197.83999633789062,134.3699951171875,15.050000190734863,490.8999938964844,8.1899995803833
2022-01-05,38.43000030517578,174.9199981689453,891.77001953125,120.63999938964844,93.5999984741211,407.239990234375,163.77999877929688,5.599999904632568,66.7300033569336,267.19000244140625,106.01000213623047,316.3800048828125,276.0400085449219,118.33000183105469,595.1199951171875,184.72000122070312,135.19000244140625,14.100000381469727,489.69000244140625,7.380000114440918
2022-01-06,38.27000045776367,172.0,895.489990234375,122.81999969482422,95.5199966430664,405.760009765625,165.52000427246094,5.360000133514404,69.87000274658203,269.69000244140625,104.97000122070312,313.8800048828125,281.7799987792969,117.13999938964844,598.4400024414062,192.75999450683594,136.16000366210938,13.779999732971191,469.6499938964844,6.570000171661377
2022-01-07,38.099998474121094,172.1699981689453,892.27001953125,125.69000244140625,98.16000366210938,393.6099853515625,167.16000366210938,5.449999809265137,67.0999984741211,267.05999755859375,105.16000366210938,314.0400085449219,272.4700012207031,115.08000183105469,603.72998046875,187.10000610351562,138.2100067138672,13.739999771118164,458.6000061035156,6.230000019073486
2022-01-10,36.779998779296875,172.19000244140625,873.3400268554688,127.5199966430664,98.05999755859375,387.4599914550781,167.32000732421875,5.550000190734863,67.30999755859375,264.4100036621094,105.62000274658203,314.2699890136719,274.0,114.54000091552734,621.27001953125,187.10000610351562,137.6999969482422,13.369999885559082,465.0,5.949999809265137
2022-01-11,37.41999816894531,175.0800018310547,888.1900024414062,128.5800018310547,102.19999694824219,386.6700134277344,167.49000549316406,5.679999828338623,66.30000305175781,262.1199951171875,107.88999938964844,314.9800109863281,278.1700134277344,119.2699966430664,626.0900268554688,197.86000061035156,135.83999633789062,13.9399995803833,469.0,6.179999828338623
2022-01-12,38.61000061035156,175.52999877929688,885.1099853515625,127.80000305175781,102.7699966430664,389.3999938964844,168.44000244140625,5.78000020980835,65.33000183105469,260.9200134277344,108.94999694824219,318.2699890136719,279.989990234375,120.05000305175781,631.4400024414062,200.60000610351562,136.22000122070312,13.859999656677246,473.7200012207031,5.869999885559082
2022-01-13,37.95000076293945,172.19000244140625,867.5800170898438,129.39999389648438,102.0,386.9800109863281,168.22999572753906,5.670000076293945,66.04000091552734,261.4100036621094,108.77999877929688,304.79998779296875,265.75,115.19999694824219,616.1099853515625,180.5500030517578,136.8800048828125,13.09000015258789,467.42999267578125,5.570000171661377
2022-01-14,37.349998474121094,173.07000732421875,848.5999755859375,127.54000091552734,105.62999725341797,372.0,157.88999938964844,5.590000152587891,65.12999725341797,257.7099914550781,108.55000305175781,310.20001220703125,269.4200134277344,115.87999725341797,615.239990234375,175.02999877929688,137.9600067138672,13.199999809265137,468.69000244140625,5.590000152587891
2022-01-18,36.619998931884766,169.8000030517578,832.0,123.72000122070312,105.66999816894531,366.7200012207031,151.27000427246094,5.480000019073486,62.54999923706055,256.4800109863281,107.48999786376953,302.6499938964844,259.0299987792969,116.06999969482422,611.219970703125,170.47999572753906,135.72000122070312,12.0600004196167,460.989990234375,5.289999961853027
2022-01-19,37.029998779296875,166.22999572753906,825.5,118.5,105.12999725341797,359.69000244140625,148.92999267578125,5.909999847412109,61.7400016784668,255.22000122070312,107.76000213623047,303.3299865722656,250.6699981689453,117.36000061035156,618.1099853515625,167.8300018310547,135.8699951171875,13.710000038146973,462.5199890136719,5.369999885559082
2022-01-20,36.970001220703125,164.50999450683594,826.5499877929688,116.80000305175781,103.5,349.5799865722656,147.66000366210938,5.809999942779541,59.11000061035156,253.1300048828125,106.11000061035156,301.6000061035156,241.5,115.7699966430664,614.3800048828125,170.05999755859375,134.8800048828125,15.0,463.0,5.460000038146973
2022-01-21,36.38999938964844,162.41000366210938,800.9199829101562,114.44999694824219,100.62999725341797,349.1000061035156,145.0800018310547,5.650000095367432,56.77000045776367,254.58999633789062,105.5999984741211,296.0299987792969,233.74000549316406,116.05999755859375,621.4000244140625,154.41000366210938,134.89999389648438,13.890000343322754,461.1700134277344,5.409999847412109
2022-01-24,35.709999084472656,161.6199951171875,786.8200073242188,115.33999633789062,102.30999755859375,363.80999755859375,144.9499969482422,5.619999885559082,61.43000030517578,253.61000061035156,104.20999908447266,296.3699951171875,233.72000122070312,117.5999984741211,621.47998046875,149.32000732421875,131.64999389648438,13.300000190734863,462.2699890136719,5.429999828338623
2022-01-25,35.279998779296875,159.77999877929688,798.5499877929688,118.44000244140625,106.94000244140625,358.9800109863281,146.52999877929688,5.650000095367432,61.09000015258789,250.67999267578125,104.16999816894531,288.489990234375,223.24000549316406,114.62999725341797,603.1900024414062,144.9199981689453,133.9199981689453,12.760000228881836,456.8399963378906,5.639999866485596
2022-01-26,35.25,159.69000244140625,795.469970703125,117.22000122070312,107.52999877929688,357.2799987792969,147.9199981689453,5.460000038146973,60.34000015258789,249.85000610351562,104.08999633789062,296.7099914550781,227.72000122070312,113.4800033569336,605.25,135.61000061035156,134.63999938964844,12.579999923706055,458.42999267578125,5.699999809265137
2022-01-27,34.540000915527344,159.22000122070312,787.9600219726562,113.22000122070312,109.75,356.42999267578125,145.30999755859375,5.309999942779541,60.70000076293945,248.74000549316406,103.18000030517578,299.8399963378906,219.44000244140625,109.77999877929688,608.719970703125,128.27999877929688,135.9600067138672,11.359999656677246,461.6000061035156,5.619999885559082
2022-01-28,33.959999084472656,170.3300018310547,808.1400146484375,113.73999786376953,109.69999694824219,366.5400085449219,146.61000061035156,5.25,63.65999984741211,256.0899963378906,103.12999725341797,308.260009765625,228.39999389648438,113.41000366210938,624.9199829101562,136.6199951171875,136.86000061035156,11.100000381469727,466.05999755859375,5.820000171661377
2022-01-31,34.77000045776367,174.77999877929688,822.9400024414062,115.75,111.4800033569336,366.9800109863281,148.60000610351562,5.400000095367432,65.66000366210938,259.45001220703125,103.48999786376953,310.9800109863281,244.86000061035156,116.26000213623047,608.5900268554688,150.30999755859375,138.16000366210938,12.479999542236328,472.57000732421875,6.449999809265137
2022-02-01,35.18000030517578,174.61000061035156,825.9500122070312,118.0199966430664,113.18000030517578,368.70001220703125,151.14999389648438,5.46999979019165,68.20999908447266,258.989990234375,103.58999633789062,308.760009765625,246.3800048828125,116.1500015258789,613.3599853515625,158.94000244140625,136.1199951171875,13.270000457763672,468.4100036621094,6.579999923706055
2022-02-02,35.560001373291016,175.83999633789062,822.510009765625,117.45999908447266,112.91999816894531,373.7300109863281,149.94000244140625,5.489999771118164,64.93000030517578,262.2799987792969,103.37000274658203,313.4599914550781,252.4199981689453,116.4000015258789,622.8499755859375,147.44000244140625,138.1999969482422,12.15999984741211,479.7799987792969,6.28000020980835
2022-02-03,34.290000915527344,172.89999389648438,805.77001953125,115.94000244140625,111.77999877929688,364.80999755859375,148.6999969482422,5.380000114440918,64.27999877929688,260.6400146484375,102.16999816894531,301.25,239.47999572753906,113.62999725341797,620.6900024414062,145.0399932861328,137.02000427246094,11.569999694824219,488.7699890136719,6.090000152587891
2022-02-04,34.04999923706055,172.38999938964844,809.8200073242188,117.2300033569336,113.69999694824219,359.6700134277344,152.55999755859375,5.400000095367432,63.849998474121094,260.05999755859375,102.7300033569336,305.94000244140625,243.19000244140625,115.76000213623047,622.9600219726562,155.02000427246094,136.27000427246094,11.890000343322754,483.1700134277344,6.309999942779541
2022-02-07,34.689998626708984,171.66000366210938,816.9199829101562,118.41999816894531,114.69000244140625,357.3500061035156,153.07000732421875,5.539999961853027,64.7300033569336,259.8500061035156,101.98999786376953,300.95001220703125,247.27999877929688,115.16999816894531,622.3599853515625,156.1199951171875,137.0,11.720000267028809,483.70001220703125,6.670000076293945
2022-02-08,34.939998626708984,174.8300018310547,807.3900146484375,122.95999908447266,111.52999877929688,361.44000244140625,155.9499969482422,5.670000076293945,70.16000366210938,260.0799865722656,104.20999908447266,304.55999755859375,251.0800018310547,114.62999725341797,617.9400024414062,162.50999450683594,137.91000366210938,12.130000114440918,493.4100036621094,6.949999809265137
2022-02-09,35.810001373291016,176.27999877929688,813.0,124.8499984741211,113.30999755859375,364.3699951171875,156.60000610351562,5.650000095367432,69.94999694824219,259.8599853515625,106.08999633789062,311.2099914550781,267.04998779296875,120.11000061035156,619.77001953125,173.9499969482422,137.75,12.859999656677246,498.1000061035156,7.510000228881836
2022-02-10,35.189998626708984,172.1199951171875,778.1900024414062,124.7699966430664,112.66000366210938,355.0899963378906,155.9499969482422,5.449999809265137,68.41999816894531,256.8699951171875,104.87999725341797,302.3800048828125,258.239990234375,118.33000183105469,618.219970703125,164.66000366210938,135.55999755859375,12.390000343322754,486.7200012207031,7.309999942779541
2022-02-11,34.31999969482422,168.63999938964844,772.489990234375,124.13999938964844,116.75,350.2900085449219,153.9199981689453,5.710000038146973,68.81999969482422,255.16000366210938,102.98999786376953,295.0400085449219,239.49000549316406,114.1500015258789,638.4099731445312,158.27999877929688,135.97999572753906,12.399999618530273,478.1300048828125,7.03000020980835
2022-02-14,33.95000076293945,168.8800048828125,760.3099975585938,124.16000366210938,113.41000366210938,351.55999755859375,152.49000549316406,5.739999771118164,67.30999755859375,253.38999938964844,102.30999755859375,295.0,242.6699981689453,111.91000366210938,623.530029296875,129.1699981689453,135.1300048828125,12.0,474.3999938964844,7.019999980926514
2022-02-15,34.95000076293945,172.7899932861328,781.1900024414062,127.52999877929688,110.9000015258789,353.260009765625,154.72000122070312,5.71999979019165,69.38999938964844,253.80999755859375,103.91000366210938,300.4700012207031,264.95001220703125,113.19999694824219,630.1500244140625,149.5500030517578,134.60000610351562,12.579999923706055,478.2300109863281,7.53000020980835
2022-02-16,35.33000183105469,172.5500030517578,783.4199829101562,126.81999969482422,111.7699966430664,350.0899963378906,155.0,5.860000133514404,68.41000366210938,253.08999633789062,103.1500015258789,299.5,265.1099853515625,114.6500015258789,630.9000244140625,141.5800018310547,135.22999572753906,13.079999923706055,480.04998779296875,7.539999961853027
2022-02-17,34.459999084472656,168.8800048828125,762.5,123.08000183105469,112.5999984741211,347.94000244140625,151.42999267578125,5.809999942779541,67.55000305175781,250.92999267578125,101.69999694824219,290.7300109863281,245.07000732421875,109.54000091552734,626.719970703125,137.64999389648438,135.38999938964844,12.180000305175781,470.3399963378906,7.300000190734863
2022-02-18,34.34000015258789,167.3000030517578,756.02001953125,123.80999755859375,111.62000274658203,346.8699951171875,152.13999938964844,5.820000171661377,67.6500015258789,250.60000610351562,100.58000183105469,287.92999267578125,236.4199981689453,108.86000061035156,615.1300048828125,127.69000244140625,135.50999450683594,11.390000343322754,467.80999755859375,7.369999885559082
2022-02-22,33.779998779296875,164.32000732421875,745.47998046875,122.01000213623047,109.52999877929688,316.1700134277344,151.8699951171875,5.510000228881836,67.37000274658203,252.6999969482422,103.72000122070312,287.7200012207031,233.89999389648438,107.05000305175781,602.8900146484375,125.72000122070312,135.50999450683594,10.260000228881836,462.510009765625,7.190000057220459
2022-02-23,33.099998474121094,160.07000732421875,732.489990234375,120.0199966430664,110.33000183105469,308.45001220703125,148.69000244140625,5.5,67.5,247.7899932861328,103.02999877929688,280.2699890136719,223.8699951171875,106.54000091552734,608.97998046875,120.5199966430664,133.63999938964844,9.819999694824219,459.6199951171875,7.21999979019165
2022-02-24,33.09000015258789,162.74000549316406,731.7899780273438,118.2699966430664,110.0999984741211,313.239990234375,144.5500030517578,5.320000171661377,67.9000015258789,245.02999877929688,103.33000183105469,294.5899963378906,237.47999572753906,109.8499984741211,609.780029296875,122.75,134.22999572753906,10.329999923706055,455.8900146484375,7.610000133514404
2022-02-25,33.7400016784668,164.85000610351562,750.8699951171875,124.01000213623047,107.27999877929688,316.6499938964844,147.97000122070312,5.53000020980835,69.02999877929688,249.4499969482422,105.83999633789062,297.30999755859375,241.57000732421875,111.5199966430664,618.6599731445312,137.4600067138672,141.44000244140625,10.670000076293945,475.75,8.050000190734863
2022-02-28,33.68000030517578,165.1199951171875,743.8900146484375,123.44000244140625,114.91999816894531,315.8299865722656,141.8000030517578,5.010000228881836,69.66999816894531,244.77000427246094,104.98999786376953,298.7900085449219,243.85000610351562,111.27999877929688,618.3599853515625,145.60000610351562,144.22000122070312,11.449999809265137,475.8699951171875,8.130000114440918
2022-03-01,32.90999984741211,163.1999969482422,714.8099975585938,113.88999938964844,116.41000366210938,320.25,136.4499969482422,5.190000057220459,68.55000305175781,239.6300048828125,103.66000366210938,294.95001220703125,234.77000427246094,110.12999725341797,607.030029296875,126.5,145.1699981689453,11.199999809265137,476.25,8.029999732971191
2022-03-02,33.369998931884766,166.55999755859375,738.0399780273438,116.12000274658203,116.73999786376953,327.3699951171875,139.27999877929688,5.449999809265137,70.44000244140625,240.94000244140625,106.37999725341797,300.19000244140625,242.1999969482422,111.76000213623047,616.8699951171875,117.75,148.3699951171875,11.579999923706055,485.3800048828125,7.78000020980835
2022-03-03,33.08000183105469,166.22999572753906,737.7100219726562,114.56999969482422,116.29000091552734,324.3599853515625,138.2899932861328,5.289999961853027,69.72000122070312,236.64999389648438,107.6500015258789,295.9200134277344,237.13999938964844,109.0,611.1500244140625,110.04000091552734,149.61000061035156,10.6899995803833,486.5899963378906,7.130000114440918
2022-03-04,31.68000030517578,163.1699981689453,696.5900268554688,110.22000122070312,118.75,324.260009765625,134.39999389648438,5.480000019073486,65.95999908447266,235.80999755859375,108.30999755859375,289.8599853515625,229.36000061035156,107.98999786376953,620.4099731445312,97.44000244140625,151.9199981689453,10.0,498.6499938964844,7.03000020980835
2022-03-07,30.5,159.3000030517578,677.0700073242188,101.3499984741211,120.1500015258789,322.7699890136719,129.2100067138672,5.5,59.27000045776367,224.3300018310547,106.63999938964844,278.9100036621094,213.52000427246094,104.86000061035156,618.5900268554688,89.98999786376953,152.83999633789062,9.619999885559082,486.8699951171875,6.820000171661377
2022-03-08,31.93000030517578,157.44000244140625,662.8699951171875,103.27999877929688,117.80999755859375,316.739990234375,128.3000030517578,5.599999904632568,61.18000030517578,222.7899932861328,104.08999633789062,275.8500061035156,215.13999938964844,104.44999694824219,614.739990234375,91.52999877929688,153.38999938964844,9.720000267028809,473.4599914550781,7.239999771118164
2022-03-09,33.310001373291016,162.9499969482422,693.25,107.0,113.7699966430664,317.20001220703125,133.44000244140625,5.610000133514404,64.29000091552734,222.47000122070312,103.58000183105469,288.5,230.13999938964844,109.30000305175781,623.4299926757812,99.0,152.3000030517578,9.869999885559082,485.57000732421875,7.389999866485596
2022-03-10,32.95000076293945,158.52000427246094,697.2000122070312,104.80000305175781,119.87999725341797,317.94000244140625,131.86000061035156,5.690000057220459,63.25,222.0,104.45999908447266,285.5899963378906,226.5800018310547,106.81999969482422,630.3599853515625,98.94999694824219,155.27999877929688,9.40999984741211,491.44000244140625,7.150000095367432
2022-03-11,32.5,154.72999572753906,687.0399780273438,104.47000122070312,116.68000030517578,316.7900085449219,128.88999938964844,5.630000114440918,60.41999816894531,226.8699951171875,103.81999969482422,280.07000732421875,221.0,103.94000244140625,642.5800170898438,91.04000091552734,154.2100067138672,8.550000190734863,482.8699951171875,7.0
2022-03-14,33.29999923706055,150.6199951171875,697.530029296875,108.76000213623047,115.83999633789062,318.3599853515625,130.1699981689453,5.300000190734863,58.0,226.17999267578125,103.22000122070312,276.44000244140625,213.3000030517578,101.51000213623047,656.4099731445312,87.77999877929688,153.97000122070312,7.929999828338623,487.9200134277344,6.980000019073486
2022-03-15,33.310001373291016,155.08999633789062,707.6699829101562,110.29000091552734,113.81999969482422,328.5400085449219,132.47999572753906,5.389999866485596,59.5099983215332,232.57000732421875,105.4000015258789,287.1499938964844,229.72999572753906,105.94999694824219,665.9299926757812,93.7699966430664,155.00999450683594,8.199999809265137,497.9100036621094,7.039999961853027
2022-03-16,34.689998626708984,159.58999633789062,731.1099853515625,114.1500015258789,113.0,330.9100036621094,138.39999389648438,5.519999980926514,61.34000015258789,238.13999938964844,107.30000305175781,294.3900146484375,244.9600067138672,109.73999786376953,677.97998046875,111.36000061035156,154.3699951171875,8.569999694824219,498.260009765625,7.699999809265137
2022-03-17,35.290000915527344,160.6199951171875,740.9299926757812,113.62000274658203,117.87000274658203,336.3599853515625,140.14999389648438,5.679999828338623,59.900001525878906,237.47000122070312,109.73999786376953,295.2200012207031,247.66000366210938,110.7300033569336,685.22998046875,114.2300033569336,155.8300018310547,8.90999984741211,507.0199890136719,7.849999904632568
2022-03-18,35.459999084472656,163.97999572753906,738.5900268554688,115.83999633789062,115.80000305175781,340.739990234375,140.10000610351562,5.579999923706055,61.290000915527344,238.9199981689453,110.18000030517578,300.42999267578125,264.5299987792969,111.41999816894531,685.9400024414062,122.54000091552734,156.2899932861328,9.869999885559082,506.1199951171875,8.329999923706055
2022-03-21,35.060001373291016,165.3800048828125,733.8300170898438,112.12999725341797,122.45999908447266,329.3699951171875,139.64999389648438,5.710000038146973,61.349998474121094,235.32000732421875,108.75,299.1600036621094,267.3399963378906,110.66999816894531,693.2000122070312,114.2300033569336,159.25,9.569999694824219,507.6600036621094,8.25
2022-03-22,35.310001373291016,168.82000732421875,746.8699951171875,114.73999786376953,120.83000183105469,329.7300109863281,142.6199951171875,5.659999847412109,62.0099983215332,238.1199951171875,108.97000122070312,304.05999755859375,265.239990234375,111.58999633789062,692.6400146484375,124.5,158.1300048828125,9.720000267028809,505.32000732421875,8.449999809265137
2022-03-23,34.83000183105469,170.2100067138672,736.4600219726562,110.6500015258789,123.55000305175781,317.04998779296875,139.77999877929688,5.679999828338623,58.5099983215332,236.1199951171875,106.16000366210938,299.489990234375,256.3399963378906,107.1500015258789,669.219970703125,126.81999969482422,159.4199981689453,9.369999885559082,503.2300109863281,8.619999885559082
2022-03-24,34.779998779296875,174.07000732421875,738.280029296875,111.9000015258789,121.01000213623047,315.7799987792969,140.69000244140625,5.659999847412109,59.369998931884766,240.25999450683594,106.3499984741211,304.1000061035156,281.5,108.01000213623047,679.760009765625,123.31999969482422,158.86000061035156,9.470000267028809,513.4600219726562,8.979999542236328
2022-03-25,34.61000061035156,174.72000122070312,741.0399780273438,113.25,124.51000213623047,310.67999267578125,141.9199981689453,5.730000019073486,59.16999816894531,241.5800018310547,108.45999908447266,303.67999267578125,276.9200134277344,107.31999969482422,680.030029296875,116.12000274658203,162.4600067138672,9.010000228881836,513.030029296875,10.229999542236328
2022-03-28,33.540000915527344,175.60000610351562,749.8800048828125,111.27999877929688,120.86000061035156,314.2799987792969,140.8699951171875,5.590000152587891,59.70000076293945,242.94000244140625,109.93000030517578,310.70001220703125,282.19000244140625,107.94999694824219,693.4000244140625,116.9800033569336,163.1199951171875,9.25,513.2000122070312,9.8100004196167
2022-03-29,33.970001220703125,178.9600067138672,773.239990234375,114.30000305175781,120.62999725341797,317.7099914550781,141.17999267578125,5.760000228881836,63.220001220703125,248.1699981689453,112.37999725341797,315.4100036621094,286.55999755859375,111.88999938964844,698.4299926757812,127.36000061035156,164.94000244140625,10.140000343322754,510.7300109863281,10.539999961853027
2022-03-30,32.630001068115234,177.77000427246094,777.3599853515625,113.29000091552734,121.08999633789062,308.4599914550781,140.5399932861328,5.920000076293945,60.540000915527344,249.02999877929688,111.55999755859375,313.8599853515625,276.8999938964844,109.19000244140625,692.3800048828125,123.44000244140625,167.6199951171875,9.770000457763672,520.8200073242188,10.25
2022-03-31,32.34000015258789,174.61000061035156,764.1699829101562,110.19000244140625,119.2300033569336,299.3299865722656,136.32000732421875,5.880000114440918,58.0099983215332,247.27999877929688,110.94999694824219,308.30999755859375,272.8599853515625,107.72000122070312,698.4199829101562,119.79000091552734,168.1199951171875,9.449999809265137,509.9700012207031,9.3100004196167
2022-04-01,32.869998931884766,174.30999755859375,769.760009765625,110.12000274658203,120.33000183105469,301.8900146484375,135.30999755859375,6.019999980926514,55.939998626708984,249.25,112.5199966430664,309.4200134277344,267.1199951171875,106.7699966430664,694.8300170898438,121.0999984741211,170.33999633789062,9.329999923706055,512.5900268554688,9.5
2022-04-04,32.93000030517578,178.44000244140625,782.22998046875,110.81999969482422,120.83000183105469,305.5799865722656,135.91000366210938,6.019999980926514,56.15999984741211,246.8300018310547,110.87999725341797,314.9700012207031,273.6000061035156,108.75,698.4099731445312,132.72000122070312,166.75999450683594,9.770000457763672,510.0199890136719,8.789999961853027
2022-04-05,32.209999084472656,175.05999755859375,764.4299926757812,110.75,117.83000183105469,304.8599853515625,133.33999633789062,5.860000133514404,53.09000015258789,248.50999450683594,110.5,310.8800048828125,259.30999755859375,105.02999877929688,691.469970703125,124.86000061035156,165.02999877929688,9.119999885559082,517.760009765625,8.609999656677246
2022-04-06,31.690000534057617,171.8300018310547,745.22998046875,110.5,118.44999694824219,298.5400085449219,131.49000549316406,5.860000133514404,50.939998626708984,251.4600067138672,111.72000122070312,299.5,244.07000732421875,100.9800033569336,708.3599853515625,120.7699966430664,168.3300018310547,8.75,531.75,6.329999923706055
2022-04-07,31.790000915527344,172.13999938964844,748.8900146484375,109.16000366210938,120.62000274658203,302.75,131.08999633789062,5.949999809265137,50.709999084472656,254.36000061035156,112.33000183105469,301.3699951171875,242.0800018310547,104.0,721.7999877929688,116.25,168.0500030517578,8.119999885559082,536.9500122070312,6.809999942779541
2022-04-08,31.889999389648438,170.08999633789062,736.0999755859375,111.56999969482422,126.87999725341797,311.1099853515625,133.49000549316406,6.210000038146973,50.720001220703125,251.4600067138672,112.47000122070312,296.9700012207031,231.19000244140625,103.5,738.8400268554688,114.41999816894531,169.7899932861328,7.869999885559082,545.9600219726562,6.53000020980835
2022-04-11,31.209999084472656,165.75,728.3800048828125,111.16999816894531,121.33999633789062,306.7200012207031,133.0,6.110000133514404,52.029998779296875,250.4499969482422,111.5199966430664,285.260009765625,219.1699981689453,101.36000061035156,722.3699951171875,113.93000030517578,168.25,7.71999979019165,537.4400024414062,6.059999942779541
2022-04-12,30.709999084472656,167.66000366210938,716.8300170898438,111.83000183105469,124.56999969482422,306.2900085449219,131.5399932861328,6.130000114440918,52.09000015258789,249.1699981689453,110.58000183105469,282.05999755859375,215.0399932861328,100.55999755859375,715.7899780273438,108.80000305175781,169.6300048828125,7.480000019073486,533.7100219726562,5.789999961853027
2022-04-13,31.110000610351562,170.39999389648438,715.739990234375,112.66999816894531,123.55999755859375,310.4200134277344,127.30000305175781,6.139999866485596,52.33000183105469,251.3300018310547,110.45999908447266,287.6199951171875,222.02999877929688,101.56999969482422,731.8900146484375,113.16999816894531,170.4199981689453,7.610000133514404,537.0,5.5
2022-04-14,30.829999923706055,165.2899932861328,688.1699829101562,112.18000030517578,122.94000244140625,304.5199890136719,126.12000274658203,6.139999866485596,52.209999084472656,250.50999450683594,109.0199966430664,279.8299865722656,212.5800018310547,98.70999908447266,733.02001953125,108.58000183105469,171.25,7.260000228881836,534.8200073242188,5.190000057220459
2022-04-18,30.850000381469727,165.07000732421875,680.0,116.43000030517578,123.31999969482422,300.2099914550781,128.4600067138672,6.090000152587891,52.52000045776367,251.05999755859375,108.08000183105469,280.5199890136719,217.8300018310547,99.30999755859375,723.2000122070312,104.02999877929688,171.1199951171875,7.130000114440918,534.0800170898438,4.860000133514404
2022-04-19,31.530000686645508,167.39999389648438,701.5700073242188,118.75,121.76000213623047,307.79998779296875,131.1199951171875,6.050000190734863,53.689998626708984,255.39999389648438,110.22000122070312,285.29998779296875,221.97999572753906,99.91999816894531,716.219970703125,107.52999877929688,170.27000427246094,7.409999847412109,537.7000122070312,4.800000190734863
2022-04-20,31.799999237060547,167.22999572753906,699.0,118.81999969482422,122.69000244140625,315.1400146484375,131.5800018310547,6.0,53.38999938964844,255.85000610351562,113.0,286.3599853515625,214.82000732421875,102.44999694824219,719.6199951171875,100.16999816894531,172.6699981689453,6.949999809265137,546.010009765625,4.769999980926514
2022-04-21,32.70000076293945,166.4199981689453,681.4600219726562,116.52999877929688,119.48999786376953,310.3599853515625,130.55999755859375,5.71999979019165,52.040000915527344,255.25,113.08999633789062,280.80999755859375,201.8300018310547,101.44999694824219,706.1099853515625,91.22000122070312,170.42999267578125,6.599999904632568,537.4400024414062,4.480000019073486
2022-04-22,31.3700008392334,161.7899932861328,662.9400024414062,112.37000274658203,116.12000274658203,300.1099853515625,126.80999755859375,5.489999771118164,50.56999969482422,250.1699981689453,107.80000305175781,274.0299987792969,195.14999389648438,99.12000274658203,688.0800170898438,87.62000274658203,168.24000549316406,6.389999866485596,520.9400024414062,4.369999885559082
2022-04-25,30.989999771118164,162.8800048828125,668.280029296875,112.63999938964844,111.7699966430664,304.94000244140625,126.7699966430664,5.320000171661377,51.939998626708984,252.8800048828125,109.4800033569336,280.7200012207031,199.02000427246094,99.9000015258789,690.3300170898438,89.5199966430664,165.3800048828125,6.550000190734863,524.27001953125,4.400000095367432
2022-04-26,29.809999465942383,156.8000030517578,647.0499877929688,109.38999938964844,111.58999633789062,299.9599914550781,123.0199966430664,5.079999923706055,49.29999923706055,248.5800018310547,106.77999877929688,270.2200012207031,187.8800048828125,97.87999725341797,674.8200073242188,83.30999755859375,164.44000244140625,6.289999961853027,513.780029296875,3.8399999141693115
2022-04-27,29.65999984741211,156.57000732421875,643.02001953125,107.01000213623047,112.80999755859375,301.6000061035156,121.41999816894531,5.050000190734863,49.29999923706055,247.13999938964844,106.62999725341797,283.2200012207031,184.14999389648438,97.62000274658203,673.510009765625,82.5199966430664,163.69000244140625,6.150000095367432,513.8099975585938,3.630000114440918
2022-04-28,30.229999542236328,163.63999938964844,650.969970703125,115.9800033569336,117.7699966430664,311.760009765625,123.33999633789062,5.130000114440918,50.540000915527344,254.19000244140625,107.1500015258789,289.6300048828125,197.82000732421875,114.38999938964844,675.5800170898438,84.69999694824219,165.5,6.449999809265137,524.4199829101562,3.690000057220459
2022-04-29,29.8700008392334,157.64999389648438,624.6799926757812,112.45999908447266,116.76000213623047,300.3999938964844,119.36000061035156,5.079999923706055,50.290000915527344,249.16000366210938,104.36000061035156,277.5199890136719,185.47000122070312,114.20999908447266,659.1099853515625,82.76000213623047,161.36000061035156,6.119999885559082,508.54998779296875,3.5
2022-05-02,29.600000381469727,157.9600067138672,624.7999877929688,113.27999877929688,116.30999755859375,306.9700012207031,120.44999694824219,4.980000019073486,51.150001525878906,246.63999938964844,103.13999938964844,284.4700012207031,195.3300018310547,114.87000274658203,652.02001953125,88.69000244140625,159.66000366210938,6.329999923706055,501.1499938964844,3.5799999237060547
2022-05-03,29.709999084472656,159.47999572753906,631.0599975585938,115.55999755859375,120.76000213623047,304.9599914550781,123.02999877929688,5.050000190734863,51.970001220703125,245.8699951171875,103.11000061035156,281.7799987792969,196.02000427246094,114.58999633789062,660.489990234375,87.58999633789062,160.69000244140625,6.400000095367432,499.6199951171875,3.4600000381469727
2022-05-04,30.530000686645508,166.02000427246094,665.22998046875,120.58000183105469,124.7699966430664,315.30999755859375,127.0999984741211,5.179999828338623,53.959999084472656,254.32000732421875,105.83000183105469,289.9800109863281,203.33999633789062,118.01000213623047,660.8599853515625,90.16999816894531,164.50999450683594,7.139999866485596,507.6199951171875,3.559999942779541
2022-05-05,29.559999465942383,156.77000427246094,633.8099975585938,115.44000244140625,123.41999816894531,299.1099853515625,123.91999816894531,5.0,52.0099983215332,248.9199981689453,104.55000305175781,277.3500061035156,188.44000244140625,112.1500015258789,639.3699951171875,81.91000366210938,161.1199951171875,6.829999923706055,494.7200012207031,3.380000114440918
2022-05-06,29.0,157.27999877929688,628.6199951171875,111.01000213623047,132.22000122070312,294.30999755859375,123.72000122070312,4.920000076293945,51.88999938964844,250.77999877929688,103.44999694824219,274.7300109863281,186.75,110.41000366210938,623.0499877929688,76.19999694824219,164.89999389648438,6.440000057220459,499.6199951171875,3.299999952316284
2022-05-09,27.959999084472656,152.05999755859375,605.5599975585938,107.2699966430664,117.94000244140625,297.0299987792969,121.86000061035156,4.590000152587891,52.290000915527344,247.49000549316406,99.58000183105469,264.5799865722656,169.5,106.55000305175781,599.77001953125,64.62000274658203,162.02999877929688,5.96999979019165,486.4200134277344,2.869999885559082
2022-05-10,28.510000228881836,154.50999450683594,610.22998046875,105.20999908447266,119.55999755859375,291.1600036621094,118.88999938964844,4.570000171661377,56.459999084472656,245.67999267578125,100.30999755859375,269.5,175.9499969482422,107.51000213623047,615.0900268554688,64.18000030517578,158.5399932861328,5.25,488.010009765625,2.690000057220459
2022-05-11,28.059999465942383,146.5,600.3499755859375,104.62999725341797,121.29000091552734,282.9599914550781,118.13999938964844,4.320000171661377,55.70000076293945,244.42999267578125,100.6500015258789,260.54998779296875,166.3000030517578,102.91000366210938,613.0499877929688,57.11000061035156,158.82000732421875,5.489999771118164,486.1499938964844,2.5399999618530273
2022-05-12,28.149999618530273,142.55999755859375,600.4000244140625,101.3499984741211,120.51000213623047,289.69000244140625,118.04000091552734,4.059999942779541,57.04999923706055,244.19000244140625,101.11000061035156,255.35000610351562,161.75,106.31999969482422,633.9600219726562,61.45000076293945,157.9600067138672,5.659999847412109,478.79998779296875,2.6700000762939453
2022-05-13,28.809999465942383,147.11000061035156,615.3300170898438,104.9000015258789,124.27999877929688,296.0299987792969,119.08999633789062,4.159999847412109,59.939998626708984,245.0399932861328,102.66999816894531,261.1199951171875,177.05999755859375,109.55000305175781,645.52001953125,75.4000015258789,161.05999755859375,6.75,485.3999938964844,2.9000000953674316
2022-05-16,28.440000534057617,145.5399932861328,598.5999755859375,103.0,126.36000061035156,295.989990234375,118.26000213623047,4.28000020980835,58.97999954223633,244.0399932861328,103.80999755859375,261.5,172.63999938964844,108.9800033569336,655.010009765625,70.33000183105469,161.50999450683594,6.909999847412109,489.2200012207031,2.6600000858306885
2022-05-17,29.31999969482422,149.24000549316406,611.719970703125,107.94999694824219,127.41999816894531,300.95001220703125,122.18000030517578,4.369999885559082,61.15999984741211,241.6300048828125,106.26000213623047,266.82000732421875,181.77000427246094,111.94000244140625,667.5599975585938,80.20999908447266,163.85000610351562,7.050000190734863,492.5299987792969,2.6700000762939453
2022-05-18,28.809999465942383,140.82000732421875,591.8599853515625,105.0999984741211,122.58000183105469,285.17999267578125,120.08999633789062,4.300000190734863,55.81999969482422,231.0500030517578,103.56999969482422,254.0800018310547,169.3800048828125,107.41999816894531,659.2000122070312,74.19999694824219,162.77999877929688,7.230000019073486,471.3800048828125,2.569999933242798
2022-05-19,29.40999984741211,137.35000610351562,593.0800170898438,104.08000183105469,121.69999694824219,287.760009765625,118.30999755859375,4.510000228881836,54.5099983215332,229.0,102.75,253.13999938964844,171.24000549316406,109.51000213623047,657.1500244140625,76.88999938964844,161.88999938964844,7.75,478.54998779296875,2.6600000858306885
2022-05-20,29.5,137.58999633789062,600.4400024414062,103.81999969482422,122.05000305175781,287.19000244140625,117.33999633789062,4.5,54.86000061035156,233.91000366210938,102.52999877929688,252.55999755859375,166.94000244140625,113.41999816894531,661.1400146484375,79.66000366210938,160.11000061035156,7.489999771118164,485.7300109863281,2.4100000858306885
2022-05-23,30.040000915527344,143.11000061035156,611.510009765625,108.11000061035156,128.07000732421875,286.0299987792969,124.5999984741211,4.510000228881836,54.900001525878906,238.0,104.26000213623047,260.6499938964844,168.97999572753906,112.95999908447266,681.9099731445312,77.25,163.7899932861328,7.269999980926514,492.0799865722656,2.4600000381469727
2022-05-24,30.100000381469727,140.36000061035156,618.3499755859375,104.41999816894531,129.25,287.9200134277344,126.36000061035156,4.619999885559082,56.15999984741211,244.52000427246094,105.58999633789062,259.6199951171875,161.5399932861328,108.66999816894531,686.02001953125,71.33999633789062,166.11000061035156,6.71999979019165,497.55999755859375,2.1600000858306885
2022-05-25,29.780000686645508,140.52000427246094,626.5999755859375,107.66999816894531,133.07000732421875,293.57000732421875,127.23999786376953,4.579999923706055,57.77000045776367,244.00999450683594,105.54000091552734,262.5199890136719,169.75,109.36000061035156,690.8800048828125,75.70999908447266,166.74000549316406,7.010000228881836,498.0899963378906,2.180000066757202
2022-05-26,30.3700008392334,143.77999877929688,652.4400024414062,110.77999877929688,133.72000122070312,302.80999755859375,129.44000244140625,4.590000152587891,58.560001373291016,248.08999633789062,99.44000244140625,265.8999938964844,178.50999450683594,112.16000366210938,683.4400024414062,79.55000305175781,164.85000610351562,7.139999866485596,502.2300109863281,2.259999990463257
2022-05-27,30.860000610351562,149.63999938964844,666.530029296875,112.19999694824219,136.85000610351562,308.4599914550781,131.27000427246094,4.550000190734863,58.560001373291016,251.8699951171875,99.08000183105469,273.239990234375,188.11000061035156,118.6500015258789,692.7999877929688,82.86000061035156,166.64999389648438,7.550000190734863,507.1099853515625,2.4800000190734863
2022-05-31,30.969999313354492,148.83999633789062,669.0800170898438,113.48999786376953,136.9600067138672,302.75,132.22999572753906,4.5,58.599998474121094,252.2100067138672,100.1500015258789,271.8699951171875,186.72000122070312,116.52999877929688,664.739990234375,82.66000366210938,163.86000061035156,7.480000019073486,496.7799987792969,2.4600000381469727
2022-06-01,30.65999984741211,148.7100067138672,660.510009765625,111.19999694824219,139.92999267578125,297.19000244140625,129.91000366210938,4.429999828338623,58.689998626708984,249.27999877929688,97.77999877929688,272.4200134277344,183.1999969482422,116.41999816894531,658.9199829101562,79.75,163.52000427246094,7.050000190734863,492.54998779296875,2.2699999809265137
2022-06-02,31.969999313354492,151.2100067138672,686.489990234375,112.7699966430664,139.44000244140625,305.8699951171875,132.0,4.690000057220459,58.61000061035156,250.3800048828125,98.5,274.5799865722656,195.9199981689453,119.69999694824219,630.7000122070312,83.04000091552734,162.91000366210938,7.420000076293945,492.260009765625,2.380000114440918
2022-06-03,31.56999969482422,145.3800048828125,671.739990234375,110.27999877929688,142.47999572753906,305.0799865722656,130.16000366210938,4.550000190734863,56.939998626708984,248.36000061035156,95.4800033569336,270.0199890136719,187.1999969482422,118.55999755859375,630.3499755859375,78.76000213623047,160.25,6.980000019073486,485.6099853515625,2.240000009536743
2022-06-06,31.549999237060547,146.13999938964844,675.3400268554688,111.0,141.11000061035156,303.8900146484375,129.72999572753906,4.480000019073486,58.65999984741211,248.07000732421875,95.48999786376953,268.75,187.86000061035156,118.47000122070312,609.030029296875,81.25,161.1699981689453,6.860000133514404,490.17999267578125,2.0299999713897705
2022-06-07,31.600000381469727,148.7100067138672,679.6099853515625,113.19999694824219,145.92999267578125,301.7699890136719,130.07000732421875,4.510000228881836,58.9900016784668,248.94000244140625,96.47000122070312,272.5,189.25999450683594,117.83999633789062,613.97998046875,86.27999877929688,163.6999969482422,6.860000133514404,497.1000061035156,2.0299999713897705
2022-06-08,30.649999618530273,147.9600067138672,662.4099731445312,110.37999725341797,145.74000549316406,297.5299987792969,128.0,4.5,59.25,245.61000061035156,96.04000091552734,270.4100036621094,186.47999572753906,115.5199966430664,607.760009765625,88.80999755859375,159.4499969482422,6.659999847412109,493.5299987792969,2.0799999237060547
2022-06-09,29.93000030517578,142.63999938964844,659.8499755859375,106.12999725341797,142.49000549316406,299.8599853515625,125.30999755859375,4.320000171661377,59.09000015258789,242.16000366210938,93.19999694824219,264.7900085449219,180.47999572753906,113.02999877929688,575.47998046875,82.18000030517578,155.16000366210938,6.110000133514404,489.42999267578125,1.8899999856948853
2022-06-10,29.219999313354492,137.1300048828125,617.6699829101562,98.13999938964844,144.0,289.239990234375,119.55000305175781,4.53000020980835,55.88999938964844,237.3800048828125,92.73999786376953,252.99000549316406,169.74000549316406,109.08999633789062,571.8099975585938,76.27999877929688,154.66000366210938,5.940000057220459,484.6300048828125,1.840000033378601
2022-06-13,27.8700008392334,131.8800048828125,598.719970703125,91.86000061035156,132.72999572753906,283.1600036621094,115.98999786376953,4.239999771118164,53.630001068115234,238.47000122070312,90.16999816894531,242.25999450683594,156.47000122070312,102.44000244140625,549.2999877929688,70.62000274658203,147.16000366210938,5.610000133514404,469.70001220703125,1.6699999570846558
2022-06-14,27.540000915527344,132.75999450683594,591.22998046875,91.83999633789062,131.25999450683594,278.6700134277344,114.05999755859375,4.079999923706055,54.90999984741211,238.75999450683594,88.4800033569336,244.49000549316406,158.36000061035156,99.88999938964844,548.3499755859375,70.94999694824219,144.82000732421875,5.925000190734863,461.75,1.6399999856948853
2022-06-15,28.149999618530273,135.42999267578125,599.9000244140625,94.68000030517578,127.45999908447266,279.7300109863281,115.41000366210938,4.130000114440918,53.79999923706055,238.89999389648438,89.3499984741211,251.75999450683594,165.27000427246094,103.41999816894531,561.1900024414062,75.68000030517578,144.74000549316406,5.940000057220459,464.3299865722656,1.7599999904632568
2022-06-16,27.3799991607666,130.05999755859375,585.77001953125,89.52999877929688,119.55999755859375,273.4599914550781,113.43000030517578,4.139999866485596,48.720001220703125,235.19000244140625,87.4000015258789,244.97000122070312,156.00999450683594,100.27999877929688,556.75,69.02999877929688,141.9600067138672,5.46999979019165,456.0899963378906,1.6399999856948853
2022-06-17,26.649999618530273,131.55999755859375,582.260009765625,94.41999816894531,111.66999816894531,270.7300109863281,113.02999877929688,4.099999904632568,51.20000076293945,234.3800048828125,88.22000122070312,247.64999389648438,158.8000030517578,103.91000366210938,580.9500122070312,70.19999694824219,139.49000549316406,5.699999809265137,452.05999755859375,1.7599999904632568
2022-06-21,26.75,135.8699951171875,614.5399780273438,94.4800033569336,117.6500015258789,269.20001220703125,115.83000183105469,4.199999809265137,51.86000061035156,239.58999633789062,88.70999908447266,253.74000549316406,165.66000366210938,106.13999938964844,587.6699829101562,72.87000274658203,142.82000732421875,5.71999979019165,480.32000732421875,1.7999999523162842
2022-06-22,26.3700008392334,135.35000610351562,609.280029296875,94.0199966430664,110.7699966430664,268.9800109863281,115.18000030517578,4.179999828338623,52.68000030517578,243.05999755859375,89.25,253.1300048828125,163.60000610351562,105.33999633789062,586.8400268554688,71.27999877929688,143.44000244140625,5.599999904632568,489.67999267578125,1.7400000095367432
2022-06-23,26.18000030517578,138.27000427246094,624.7100219726562,94.0999984741211,107.16999816894531,275.4200134277344,113.91999816894531,3.9700000286102295,53.52000045776367,243.5800018310547,88.66999816894531,258.8599853515625,162.25,108.51000213623047,607.3900146484375,78.19999694824219,146.35000610351562,5.78000020980835,499.80999755859375,1.75
2022-06-24,26.770000457763672,141.66000366210938,647.780029296875,99.16999816894531,110.58999633789062,283.0,117.31999969482422,4.0,53.599998474121094,247.89999389648438,90.22000122070312,267.70001220703125,171.25999450683594,112.44000244140625,612.489990234375,80.47000122070312,149.44000244140625,6.130000114440918,495.6400146484375,1.6799999475479126
2022-06-27,27.100000381469727,141.66000366210938,636.9199829101562,98.62999725341797,113.76000213623047,282.69000244140625,116.37999725341797,4.099999904632568,54.029998779296875,247.02999877929688,90.47000122070312,264.8900146484375,168.69000244140625,112.19000244140625,602.4000244140625,75.05000305175781,150.6699981689453,5.929999828338623,505.6600036621094,1.5299999713897705
2022-06-28,26.8700008392334,137.44000244140625,629.1199951171875,97.30999755859375,118.30999755859375,270.1499938964844,115.81999969482422,3.809999942779541,53.33000183105469,242.8300018310547,89.19999694824219,256.4800109863281,159.82000732421875,106.38999938964844,594.4199829101562,71.88999938964844,151.2100067138672,5.559999942779541,508.44000244140625,1.3899999856948853
2022-06-29,26.8799991607666,139.22999572753906,617.9600219726562,95.58999633789062,113.22000122070312,273.8699951171875,115.30000305175781,3.75,53.88999938964844,247.74000549316406,90.41999816894531,260.260009765625,155.4199981689453,107.0999984741211,597.6199951171875,68.9000015258789,150.30999755859375,5.539999961853027,515.7100219726562,1.3600000143051147
2022-06-30,26.729999542236328,136.72000122070312,609.0399780273438,94.58000183105469,110.44000244140625,274.2699890136719,112.61000061035156,3.5799999237060547,52.709999084472656,246.8800048828125,89.75,256.8299865722656,151.58999633789062,106.33999633789062,591.1300048828125,66.86000061035156,150.27000427246094,5.269999980926514,513.6300048828125,1.3799999952316284
2022-07-01,26.610000610351562,138.92999267578125,616.7000122070312,97.69000244140625,111.62000274658203,279.0799865722656,114.05000305175781,3.700000047683716,53.029998779296875,252.9600067138672,91.37999725341797,259.5799865722656,145.22999572753906,107.0,595.4000244140625,69.05999755859375,153.55999755859375,5.409999847412109,517.4000244140625,1.350000023841858
2022-07-05,26.389999389648438,141.55999755859375,620.719970703125,97.97000122070312,104.81999969482422,283.7300109863281,112.62000274658203,3.3499999046325684,54.88999938964844,252.2899932861328,90.48999786376953,262.8500061035156,149.63999938964844,107.0999984741211,596.5599975585938,75.33999633789062,146.99000549316406,5.840000152587891,505.239990234375,1.4199999570846558
2022-07-06,26.3700008392334,142.9199981689453,614.739990234375,97.68000030517578,100.91000366210938,283.5799865722656,111.88999938964844,3.3399999141693115,54.5099983215332,251.4600067138672,89.62000274658203,266.2099914550781,151.3000030517578,105.73999786376953,594.9000244140625,73.7300033569336,147.4600067138672,5.900000095367432,515.2899780273438,1.4600000381469727
2022-07-07,27.030000686645508,146.35000610351562,623.7000122070312,99.68000030517578,105.06999969482422,286.69000244140625,114.72000122070312,3.390000104904175,55.97999954223633,252.94000244140625,89.5,268.3999938964844,158.5800018310547,107.38999938964844,607.4500122070312,76.5,147.67999267578125,6.260000228881836,514.3800048828125,1.6699999570846558
2022-07-08,26.899999618530273,147.0399932861328,619.5599975585938,100.20999908447266,105.5199966430664,286.4700012207031,114.36000061035156,3.3499999046325684,56.380001068115234,253.24000549316406,89.4800033569336,267.6600036621094,158.3800048828125,106.9000015258789,621.5700073242188,77.5199966430664,147.27000427246094,6.190000057220459,518.6300048828125,1.8700000047683716
2022-07-11,26.440000534057617,144.8699951171875,605.0,99.5,103.69999694824219,286.3900146484375,112.86000061035156,3.3299999237060547,55.959999084472656,253.27999877929688,88.94999694824219,264.510009765625,151.52000427246094,105.33000183105469,614.4600219726562,72.70999908447266,148.52999877929688,6.010000228881836,516.9500122070312,1.7799999713897705
2022-07-12,26.420000076293945,145.86000061035156,603.2899780273438,99.83000183105469,99.48999786376953,285.1199951171875,112.97000122070312,3.259999990463257,56.65999984741211,251.47999572753906,88.69000244140625,253.6699981689453,150.82000732421875,103.19999694824219,610.0900268554688,72.51000213623047,146.85000610351562,6.039999961853027,514.4199829101562,1.8899999856948853
2022-07-13,26.59000015258789,145.49000549316406,596.3800048828125,99.66000366210938,99.38999938964844,287.17999267578125,111.91000366210938,3.3499999046325684,57.52000045776367,252.6699981689453,87.91000366210938,252.72000122070312,151.63999938964844,100.63999938964844,602.02001953125,71.11000061035156,146.72999572753906,5.949999809265137,501.239990234375,2.309999942779541
2022-07-14,26.329999923706055,148.47000122070312,588.6300048828125,99.30999755859375,95.12000274658203,289.4800109863281,108.0,3.130000114440918,56.470001220703125,252.60000610351562,87.51000213623047,254.0800018310547,153.72000122070312,100.26000213623047,598.8599853515625,67.77999877929688,148.00999450683594,5.909999847412109,502.42999267578125,2.200000047683716
2022-07-15,26.93000030517578,150.1699981689453,600.3699951171875,104.01000213623047,97.27999877929688,292.4100036621094,112.94999694824219,3.0899999141693115,57.5,255.00999450683594,89.12000274658203,256.7200012207031,157.6199951171875,102.23999786376953,607.5399780273438,69.1500015258789,151.24000549316406,6.289999961853027,529.75,2.640000104904175
2022-07-18,27.049999237060547,147.07000732421875,597.530029296875,105.26000213623047,99.52999877929688,293.04998779296875,111.79000091552734,3.2100000381469727,56.2599983215332,252.4199981689453,87.9000015258789,254.25,161.00999450683594,102.41000366210938,586.7000122070312,69.25,149.36000061035156,6.349999904632568,519.3699951171875,2.6700000762939453
2022-07-19,28.110000610351562,151.0,628.3400268554688,108.81999969482422,103.62000274658203,299.8299865722656,114.55999755859375,3.2799999713897705,57.790000915527344,256.5,90.33000183105469,259.5299987792969,169.9199981689453,107.58999633789062,595.72998046875,75.3499984741211,151.58999633789062,6.619999885559082,533.4500122070312,2.8499999046325684
2022-07-20,28.09000015258789,153.0399932861328,634.72998046875,109.80000305175781,105.56999969482422,302.29998779296875,114.54000091552734,3.2200000286102295,59.56999969482422,254.5800018310547,89.2300033569336,262.2699890136719,178.07000732421875,110.88999938964844,594.5900268554688,78.5199966430664,152.77000427246094,6.96999979019165,519.469970703125,2.9200000762939453
2022-07-21,28.709999084472656,155.35000610351562,639.3099975585938,100.0,103.55999755859375,305.0,115.31999969482422,3.25,60.5,253.47000122070312,90.26000213623047,264.8399963378906,180.5,112.54000091552734,592.4400024414062,83.38999938964844,153.49000549316406,7.039999961853027,522.4600219726562,3.380000114440918
2022-07-22,28.540000915527344,154.08999633789062,633.6400146484375,100.0,101.0,306.5899963378906,114.76000213623047,3.25,60.15999984741211,253.99000549316406,90.72000122070312,260.3599853515625,173.19000244140625,111.18000030517578,586.1099853515625,77.31999969482422,154.24000549316406,6.619999885559082,521.4099731445312,2.9200000762939453
2022-07-25,28.540000915527344,152.9499969482422,636.1500244140625,100.0199966430664,105.4800033569336,306.1499938964844,115.22000122070312,3.130000114440918,60.5,250.3800048828125,90.75,258.8299865722656,170.24000549316406,111.18000030517578,587.280029296875,75.13999938964844,158.27000427246094,6.460000038146973,529.469970703125,2.7200000286102295
2022-07-26,28.350000381469727,151.60000610351562,622.9400024414062,98.36000061035156,103.75,298.17999267578125,113.41999816894531,3.109999895095825,60.20000076293945,257.0899963378906,91.9000015258789,251.89999389648438,165.3300018310547,111.27999877929688,582.5599975585938,71.81999969482422,159.67999267578125,6.139999866485596,531.5900268554688,2.640000104904175
2022-07-27,28.8700008392334,156.7899932861328,643.3200073242188,100.29000091552734,108.19000244140625,298.9100036621094,115.23999786376953,3.2300000190734863,61.59000015258789,258.8900146484375,93.22000122070312,268.739990234375,177.89999389648438,117.33999633789062,587.9099731445312,76.91999816894531,159.9499969482422,6.440000057220459,534.6099853515625,2.950000047683716
2022-07-28,29.549999237060547,157.35000610351562,659.97998046875,99.4800033569336,107.38999938964844,299.6300048828125,114.80999755859375,3.369999885559082,61.540000915527344,263.4599914550781,93.47000122070312,276.4100036621094,179.83999633789062,125.80999755859375,582.3699951171875,76.77999877929688,163.5800018310547,6.300000190734863,541.489990234375,3.049999952316284
2022-07-29,30.3700008392334,162.50999450683594,669.1799926757812,101.0,111.22000122070312,300.94000244140625,115.36000061035156,3.4100000858306885,62.45000076293945,263.3699951171875,92.5199966430664,280.739990234375,181.6300048828125,123.37999725341797,581.6900024414062,76.31999969482422,165.8000030517578,6.309999942779541,542.3400268554688,3.2100000381469727
2022-08-01,30.1299991607666,161.50999450683594,671.3900146484375,102.22000122070312,107.58000183105469,305.82000732421875,114.20999908447266,3.450000047683716,62.900001525878906,264.2300109863281,93.08000183105469,278.010009765625,184.41000366210938,122.19000244140625,576.6799926757812,77.23999786376953,165.3699951171875,6.360000133514404,535.3800048828125,3.130000114440918
2022-08-02,29.639999389648438,160.00999450683594,666.1599731445312,100.16000366210938,107.19000244140625,300.7099914550781,112.43000030517578,3.430000066757202,61.63999938964844,261.04998779296875,93.20999908447266,274.82000732421875,185.25999450683594,120.58999633789062,574.9600219726562,79.48999786376953,163.6999969482422,6.409999847412109,535.4600219726562,3.5
2022-08-03,29.75,166.1300048828125,690.5399780273438,102.76000213623047,103.61000061035156,306.3699951171875,113.61000061035156,3.3399999141693115,63.22999954223633,262.0899963378906,93.7699966430664,282.4700012207031,188.92999267578125,121.72000122070312,608.77001953125,84.01000213623047,164.57000732421875,8.229999542236328,540.6500244140625,3.819999933242798
2022-08-04,30.1200008392334,165.80999755859375,696.010009765625,102.36000061035156,99.81999969482422,307.1700134277344,112.36000061035156,3.4800000190734863,63.099998474121094,260.6400146484375,93.20999908447266,283.6499938964844,192.14999389648438,120.8499984741211,614.9600219726562,86.95999908447266,161.44000244140625,8.229999542236328,533.75,3.6700000762939453
2022-08-05,29.690000534057617,165.35000610351562,695.9299926757812,102.3499984741211,107.01000213623047,309.69000244140625,115.76000213623047,3.3499999046325684,62.97999954223633,259.2300109863281,93.27999877929688,282.9100036621094,189.88999938964844,120.30000305175781,613.6099853515625,87.56999969482422,159.7899932861328,7.960000038146973,535.0599975585938,3.7100000381469727
2022-08-08,29.709999084472656,164.8699951171875,696.27001953125,102.87999725341797,107.19000244140625,311.9700012207031,114.3499984741211,3.4700000286102295,64.19999694824219,256.79998779296875,93.58000183105469,280.32000732421875,177.92999267578125,119.33000183105469,630.6300048828125,85.54000091552734,160.9600067138672,7.980000019073486,536.5999755859375,3.640000104904175
2022-08-09,29.280000686645508,164.9199981689453,696.510009765625,101.87999725341797,108.23999786376953,305.2099914550781,115.37999725341797,3.450000047683716,63.36000061035156,260.05999755859375,93.0999984741211,282.29998779296875,170.86000061035156,119.87999725341797,622.1500244140625,83.52999877929688,162.5500030517578,7.389999866485596,537.260009765625,3.569999933242798
2022-08-10,30.489999771118164,169.24000549316406,725.2100219726562,107.9800033569336,108.98999786376953,311.5799865722656,118.38999938964844,3.509999990463257,65.02999877929688,261.3599853515625,94.16999816894531,289.1600036621094,180.97000122070312,123.0199966430664,641.489990234375,87.27999877929688,163.47999572753906,7.809999942779541,537.719970703125,5.070000171661377
2022-08-11,30.510000228881836,168.49000549316406,728.6500244140625,108.51000213623047,113.54000091552734,310.69000244140625,120.13999938964844,3.5199999809265137,64.95999908447266,259.2799987792969,94.04000091552734,287.0199890136719,179.4199981689453,124.05000305175781,623.9000244140625,88.58000183105469,163.88999938964844,7.420000076293945,532.8599853515625,5.320000171661377
2022-08-12,30.75,172.10000610351562,751.8300170898438,109.5999984741211,114.48999786376953,314.8900146484375,122.12999725341797,3.5999999046325684,66.52999877929688,262.17999267578125,94.81999969482422,291.9100036621094,187.08999633789062,125.02999877929688,628.7100219726562,88.70999908447266,166.3699951171875,7.650000095367432,543.7000122070312,5.449999809265137
2022-08-15,30.59000015258789,173.19000244140625,755.8200073242188,108.83000183105469,112.27999877929688,314.6099853515625,122.45999908447266,3.5299999713897705,68.05000305175781,265.44000244140625,95.19999694824219,293.4700012207031,190.32000732421875,125.16000366210938,643.2899780273438,89.97000122070312,167.52000427246094,7.619999885559082,544.6400146484375,5.400000095367432
2022-08-16,30.610000610351562,173.02999877929688,757.0700073242188,110.47000122070312,112.41000366210938,327.3800048828125,123.62999725341797,3.5399999618530273,68.37000274658203,266.2900085449219,95.30999755859375,292.7099914550781,188.7899932861328,123.94000244140625,648.7000122070312,77.43000030517578,169.0500030517578,7.579999923706055,546.1199951171875,5.590000152587891
2022-08-17,30.030000686645508,174.5500030517578,743.219970703125,108.5199966430664,113.69000244140625,325.760009765625,122.58999633789062,3.390000104904175,69.0,266.82000732421875,94.91000366210938,291.32000732421875,183.35000610351562,122.47000122070312,636.3400268554688,72.48999786376953,169.58999633789062,6.880000114440918,545.0,4.659999847412109
2022-08-18,30.299999237060547,174.14999389648438,745.219970703125,108.47000122070312,118.98999786376953,325.2099914550781,121.63999938964844,3.490000009536743,70.48999786376953,266.5799865722656,95.23999786376953,290.1700134277344,187.72999572753906,122.08999633789062,624.8300170898438,70.0,170.44000244140625,6.679999828338623,545.219970703125,4.860000133514404
2022-08-19,29.719999313354492,171.52000427246094,713.8499755859375,106.91000366210938,118.75,321.32000732421875,118.62999725341797,3.5199999809265137,68.33000183105469,266.5400085449219,95.0,286.1499938964844,178.49000549316406,119.5,618.3599853515625,67.66999816894531,170.05999755859375,6.329999923706055,548.3200073242188,4.320000171661377
2022-08-22,28.440000534057617,167.57000732421875,695.0499877929688,103.31999969482422,118.9000015258789,312.2099914550781,116.66999816894531,3.4800000190734863,66.55999755859375,262.95001220703125,93.08999633789062,277.75,170.33999633789062,116.52999877929688,612.0999755859375,64.30000305175781,168.1699981689453,6.099999904632568,544.5700073242188,3.940000057220459
2022-08-23,28.540000915527344,167.22999572753906,696.969970703125,104.6500015258789,121.77999877929688,306.8999938964844,115.5199966430664,3.5299999713897705,66.81999969482422,260.5400085449219,90.22000122070312,276.44000244140625,171.80999755859375,114.66999816894531,602.530029296875,63.380001068115234,168.3000030517578,6.170000076293945,535.7999877929688,4.179999828338623
2022-08-24,28.489999771118164,167.52999877929688,700.4199829101562,104.38999938964844,123.9000015258789,308.1099853515625,115.80000305175781,3.640000104904175,67.19000244140625,260.8599853515625,89.27999877929688,275.7900085449219,172.22000122070312,115.70999908447266,602.7899780273438,64.63999938964844,168.42999267578125,6.449999809265137,536.4600219726562,4.46999979019165
2022-08-25,29.06999969482422,170.02999877929688,710.5999755859375,106.37999725341797,125.22000122070312,309.7799987792969,118.55000305175781,3.6700000762939453,66.38999938964844,262.55999755859375,92.13999938964844,278.8500061035156,179.1300048828125,119.31999969482422,603.7999877929688,67.48999786376953,168.6699981689453,6.690000057220459,541.5700073242188,4.46999979019165
2022-08-26,28.170000076293945,163.6199951171875,676.4400024414062,102.69999694824219,124.56999969482422,298.1000061035156,114.66999816894531,3.4200000762939453,63.38999938964844,256.95001220703125,89.43000030517578,268.0899963378906,162.60000610351562,114.58999633789062,596.1799926757812,63.81999969482422,166.5399932861328,6.179999828338623,529.25,3.9700000286102295
2022-08-29,28.329999923706055,161.3800048828125,675.8900146484375,101.01000213623047,126.56999969482422,296.32000732421875,114.38999938964844,3.390000104904175,62.0099983215332,255.66000366210938,88.91000366210938,265.2300109863281,158.00999450683594,114.5199966430664,592.77001953125,61.34000015258789,168.2899932861328,6.0,529.77001953125,3.940000057220459
2022-08-30,27.969999313354492,158.91000366210938,672.719970703125,100.87000274658203,121.86000061035156,293.1000061035156,114.41000366210938,3.299999952316284,61.560001373291016,253.49000549316406,87.25,262.9700012207031,154.67999267578125,114.18000030517578,588.3900146484375,62.34000015258789,166.05999755859375,5.909999847412109,522.8400268554688,3.859999895095825
2022-08-31,27.56999969482422,157.22000122070312,666.3900146484375,100.48999786376953,121.30000305175781,288.4200134277344,113.7300033569336,3.2799999713897705,60.029998779296875,252.27999877929688,87.91999816894531,261.4700012207031,150.94000244140625,114.88999938964844,581.0599975585938,62.0,164.97000122070312,5.920000076293945,519.3300170898438,4.309999942779541
2022-09-01,27.25,157.9600067138672,664.8499755859375,100.04000091552734,118.70999908447266,293.3699951171875,114.51000213623047,3.109999895095825,58.5,256.4700012207031,88.52999877929688,260.3999938964844,139.3699951171875,114.93000030517578,600.6300048828125,61.31999969482422,168.00999450683594,5.849999904632568,524.0,4.360000133514404
2022-09-02,27.329999923706055,155.80999755859375,658.0599975585938,99.52999877929688,121.5199966430664,291.8999938964844,113.70999908447266,3.2799999713897705,58.41999816894531,254.50999450683594,87.19999694824219,256.05999755859375,136.47000122070312,115.05000305175781,580.6199951171875,59.93000030517578,166.8000030517578,5.739999771118164,516.3499755859375,3.950000047683716
2022-09-06,27.31999969482422,154.52999877929688,661.6300048828125,97.48999786376953,120.30999755859375,289.5400085449219,113.73999786376953,3.2899999618530273,55.93000030517578,254.38999938964844,86.19999694824219,253.25,134.64999389648438,114.70999908447266,573.969970703125,58.41999816894531,167.8300018310547,5.650000095367432,517.6799926757812,3.9800000190734863
2022-09-07,27.760000228881836,155.9600067138672,674.219970703125,99.94000244140625,117.18000030517578,297.4700012207031,115.9000015258789,3.4200000762939453,57.7599983215332,258.4200134277344,87.11000061035156,258.0899963378906,137.13999938964844,118.51000213623047,596.4400024414062,58.83000183105469,173.49000549316406,5.820000171661377,521.6799926757812,3.9800000190734863
2022-09-08,27.93000030517578,154.4600067138672,691.9199829101562,101.05000305175781,118.30999755859375,299.8999938964844,118.5999984741211,3.450000047683716,55.040000915527344,260.0799865722656,87.88999938964844,258.5199890136719,139.89999389648438,119.58999633789062,708.8499755859375,59.36000061035156,172.94000244140625,6.190000057220459,527.510009765625,4.260000228881836
2022-09-09,28.520000457763672,157.3699951171875,695.4600219726562,102.5199966430664,123.36000061035156,299.7699890136719,119.16999816894531,3.549999952316284,54.72999954223633,259.5199890136719,89.7300033569336,264.4599914550781,143.8699951171875,119.97000122070312,724.3200073242188,63.470001220703125,173.75999450683594,6.329999923706055,524.3400268554688,4.309999942779541
2022-09-12,29.09000015258789,163.42999267578125,696.8099975585938,103.29000091552734,126.41000366210938,297.5400085449219,120.58000183105469,3.559999942779541,55.630001068115234,260.3699951171875,92.05999755859375,266.6499938964844,145.0500030517578,120.87999725341797,710.739990234375,66.43000030517578,175.64999389648438,6.409999847412109,531.25,4.369999885559082
2022-09-13,28.149999618530273,153.83999633789062,644.9099731445312,98.51000213623047,122.91000366210938,277.92999267578125,116.38999938964844,3.4000000953674316,54.380001068115234,254.3300018310547,90.31999969482422,251.99000549316406,131.30999755859375,117.16000366210938,701.3900146484375,63.04999923706055,170.8300018310547,5.840000152587891,513.9600219726562,4.320000171661377
2022-09-14,27.969999313354492,155.30999755859375,643.5800170898438,99.05000305175781,126.7300033569336,276.3399963378906,116.12000274658203,3.380000114440918,54.27000045776367,255.72000122070312,90.62000274658203,252.22000122070312,131.27999877929688,117.1500015258789,697.6199951171875,62.880001068115234,173.6999969482422,6.170000076293945,509.7699890136719,4.760000228881836
2022-09-15,27.8799991607666,152.3699951171875,632.3400268554688,100.91000366210938,122.55999755859375,271.5400085449219,117.87000274658203,3.299999952316284,55.45000076293945,253.47000122070312,90.62000274658203,245.3800048828125,129.2899932861328,114.98999786376953,705.8499755859375,60.77000045776367,170.8800048828125,6.409999847412109,522.9099731445312,4.840000152587891
2022-09-16,27.1299991607666,150.6999969482422,626.739990234375,100.91000366210938,121.44999694824219,275.9700012207031,117.08000183105469,3.2899999618530273,53.04999923706055,254.91000366210938,90.25,244.74000549316406,131.97999572753906,114.9000015258789,710.2999877929688,59.0099983215332,168.44000244140625,6.050000190734863,521.02001953125,4.610000133514404
2022-09-19,27.389999389648438,154.47999572753906,634.72998046875,102.16999816894531,120.43000030517578,280.4200134277344,118.16000366210938,3.640000104904175,53.7400016784668,257.010009765625,89.68000030517578,244.52000427246094,133.82000732421875,114.72000122070312,715.3400268554688,59.75,172.92999267578125,6.079999923706055,523.5499877929688,4.75
2022-09-20,26.829999923706055,156.89999389648438,622.3099975585938,100.29000091552734,119.62999725341797,274.1700134277344,115.83000183105469,3.509999990463257,51.58000183105469,255.39999389648438,88.45999908447266,242.4499969482422,131.75999450683594,112.33000183105469,704.219970703125,57.439998626708984,168.86000061035156,5.889999866485596,522.7999877929688,4.539999961853027
2022-09-21,26.540000915527344,153.72000122070312,608.0900268554688,97.87000274658203,118.23999786376953,271.57000732421875,112.48999786376953,3.5399999618530273,50.59000015258789,251.0800018310547,85.7300033569336,238.9499969482422,132.61000061035156,111.75,684.6300048828125,57.040000915527344,166.25999450683594,5.690000057220459,512.0800170898438,4.630000114440918
2022-09-22,26.1200008392334,152.74000549316406,600.5,94.97000122070312,118.3499984741211,269.1400146484375,111.20999908447266,3.549999952316284,50.029998779296875,247.94000244140625,83.55999755859375,240.97999572753906,125.61000061035156,109.33999633789062,688.260009765625,54.97999954223633,164.19000244140625,5.360000133514404,517.4600219726562,4.360000133514404
2022-09-23,25.760000228881836,150.42999267578125,591.3900146484375,93.7300033569336,109.12000274658203,270.94000244140625,109.13999938964844,3.309999942779541,49.540000915527344,245.9499969482422,82.66000366210938,237.9199981689453,125.16000366210938,106.04000091552734,697.3300170898438,53.810001373291016,161.77999877929688,5.309999942779541,513.6099853515625,4.110000133514404
2022-09-26,25.3799991607666,150.77000427246094,584.6500244140625,91.05000305175781,105.18000030517578,266.5799865722656,106.79000091552734,3.25,48.810001373291016,243.75999450683594,81.33000183105469,237.4499969482422,122.27999877929688,105.16999816894531,686.0999755859375,53.970001220703125,157.22999572753906,5.079999923706055,508.3599853515625,4.0
2022-09-27,25.469999313354492,151.75999450683594,578.5999755859375,91.0,105.44999694824219,268.69000244140625,105.8499984741211,3.2799999713897705,51.220001220703125,236.6999969482422,80.88999938964844,236.41000366210938,124.12999725341797,104.23999786376953,695.010009765625,54.599998474121094,154.14999389648438,5.079999923706055,508.3699951171875,4.110000133514404
2022-09-28,26.299999237060547,149.83999633789062,585.4299926757812,93.58000183105469,111.7300033569336,282.19000244140625,107.98999786376953,3.5199999809265137,52.04999923706055,236.94000244140625,82.58999633789062,241.07000732421875,127.36000061035156,106.19000244140625,705.4199829101562,55.75,156.97999572753906,5.25,513.9400024414062,4.550000190734863
2022-09-29,25.950000762939453,142.47999572753906,563.9199829101562,91.41999816894531,112.97000122070312,278.3299865722656,106.16000366210938,3.5899999141693115,50.43000030517578,234.39999389648438,82.2699966430664,237.5,122.19999694824219,105.66999816894531,691.8200073242188,53.630001068115234,151.47999572753906,4.840000152587891,508.8299865722656,4.110000133514404
2022-09-30,25.65999984741211,138.1999969482422,550.280029296875,90.91999816894531,111.7300033569336,275.94000244140625,104.5,3.759999990463257,47.9900016784668,230.74000549316406,80.75,232.89999389648438,121.38999938964844,104.5999984741211,688.8699951171875,56.04999923706055,149.94000244140625,4.880000114440918,505.0400085449219,3.940000057220459
2022-10-03,24.299999237060547,142.4499969482422,572.719970703125,93.88999938964844,119.93000030517578,283.70001220703125,107.7300033569336,3.950000047683716,47.20000076293945,235.33999633789062,82.69999694824219,240.74000549316406,125.12000274658203,107.4800033569336,735.1300048828125,55.290000915527344,155.1199951171875,5.130000114440918,515.510009765625,4.070000171661377
2022-10-04,26.3799991607666,146.10000610351562,591.2999877929688,97.4000015258789,125.16999816894531,289.55999755859375,112.7699966430664,4.010000228881836,48.529998779296875,238.5,84.5,248.8800048828125,131.6699981689453,111.83999633789062,739.5399780273438,60.66999816894531,157.6300048828125,5.400000095367432,523.1699829101562,4.46999979019165
2022-10-05,26.059999465942383,146.39999389648438,583.1500244140625,96.68000030517578,126.08000183105469,289.8500061035156,110.38999938964844,3.930000066757202,47.470001220703125,239.08999633789062,85.05000305175781,249.1999969482422,132.08999633789062,112.2699966430664,745.6799926757812,60.5,153.52999877929688,5.28000020980835,527.0700073242188,4.449999809265137
2022-10-06,25.6200008392334,145.42999267578125,571.6099853515625,95.31999969482422,127.52999877929688,290.3900146484375,108.13999938964844,3.9000000953674316,48.0099983215332,234.75,84.41999816894531,246.7899932861328,131.3000030517578,112.16999816894531,731.8599853515625,61.91999816894531,148.91000366210938,5.289999961853027,519.1300048828125,4.510000228881836
2022-10-07,25.010000228881836,140.08999633789062,550.4000244140625,93.4000015258789,127.44999694824219,284.32000732421875,105.9800033569336,3.740000009536743,46.959999084472656,233.19000244140625,82.41999816894531,234.24000549316406,120.76000213623047,110.16999816894531,722.3699951171875,60.04999923706055,147.02999877929688,5.010000228881836,504.8500061035156,4.039999961853027
